Person ID,Car ID,Date,Distance(km)
dd09d6d5-8d02-4863-b3a5-9a86b72c20a4,44ce6c58-1498-4557-8366-a92e3b43af0f,2025-02-08,34
1bcb5e38-9cdf-478b-9145-ab0bd66ed95a,cd5bce0a-ffa9-4424-87e4-00c3257a5131,2024-11-22,85
55708de2-653a-4c0a-b610-d27cd6811eaa,921aa0ab-43cd-464f-b830-3e245e1db9bb,2024-10-01,95
e0313733-e789-4edd-be4f-16f9bec1d5e5,b2c860dc-4003-49af-b5b0-ae710ce8f750,2024-04-19,66
a8a564b6-96bd-47ae-a91b-772a18ac5c69,2a23efd8-cf6c-40cb-bb72-1143b9b5b528,2024-03-21,20
a9675097-ca1c-49e7-8241-47c1c37c81b6,c3f791d4-c444-4d82-8fdd-8a775a6777f3,2025-01-22,31
e0313733-e789-4edd-be4f-16f9bec1d5e5,3ea51017-e1c2-42fe-beb3-8d67b6daccbf,2024-10-01,23
c7d23781-4043-4898-a0ce-a904f49e2eb1,df812a39-2dbe-40ba-bf84-91b061dc6a5f,2024-05-24,45
9be89a7f-8d85-4fe6-bd7d-b6e23c4dd8a6,e15fb567-29ff-48db-ae03-13cec8b73d0f,2024-11-06,53
7a65db9a-42e5-468c-b210-a5263526ca5d,b2c860dc-4003-49af-b5b0-ae710ce8f750,2024-09-04,22
dd09d6d5-8d02-4863-b3a5-9a86b72c20a4,a3796553-8c2d-4e05-8531-df918efe5e38,2024-06-01,82
000f6c50-f9f2-430e-9c4b-5faa4ef1eff4,3f72fbb0-1d46-4847-b4b0-dd9d4003b605,2024-12-27,62
e0313733-e789-4edd-be4f-16f9bec1d5e5,0ff180f7-20f7-4b8d-a203-e8f04b92c5ea,2024-09-14,84
dd09d6d5-8d02-4863-b3a5-9a86b72c20a4,debba96f-4b4b-4195-96c8-656473d35ee0,2024-12-08,51
dd0d8fbb-93db-4f5b-8930-63fd6ccc4cc5,c266d26a-34fd-4621-acf9-a38df18ecb90,2024-12-16,91
c7d23781-4043-4898-a0ce-a904f49e2eb1,ce9c34f1-46a7-48ac-9776-9307e4f3f266,2024-09-25,73
c2029c11-fe14-4f46-9a8f-f552f0a36421,b10a6784-2b82-4322-bd82-8aecaead8f2f,2024-09-11,67
d8c04c02-bbe5-489f-b7bf-c2b1ddacca50,debba96f-4b4b-4195-96c8-656473d35ee0,2024-04-22,22
e287abf5-397d-48b4-a005-98d00dc81e79,a3796553-8c2d-4e05-8531-df918efe5e38,2024-07-07,66
d8c04c02-bbe5-489f-b7bf-c2b1ddacca50,3ea51017-e1c2-42fe-beb3-8d67b6daccbf,2024-04-25,72
55708de2-653a-4c0a-b610-d27cd6811eaa,44ce6c58-1498-4557-8366-a92e3b43af0f,2024-09-30,101
f54307b1-0d39-47a1-9356-c79bfea26c4a,0ff180f7-20f7-4b8d-a203-e8f04b92c5ea,2024-05-10,54
dd0d8fbb-93db-4f5b-8930-63fd6ccc4cc5,e15fb567-29ff-48db-ae03-13cec8b73d0f,2024-03-16,74
afd424c5-2948-4af1-b6e4-27661c2cc341,c0f376fa-17da-4ddf-932f-4773fbfd1445,2024-12-15,52
cf923401-a395-4475-a8d7-32cec74cafe2,6cbc20e0-1d58-47c3-b2f1-488b7a8811fe,2024-07-26,41
f54307b1-0d39-47a1-9356-c79bfea26c4a,b2c860dc-4003-49af-b5b0-ae710ce8f750,2024-11-30,97
7a65db9a-42e5-468c-b210-a5263526ca5d,3d69f6bf-32b9-4532-a1ca-29f0dd55167f,2024-05-06,29
f9707bf6-bc5f-4aa4-a274-85e9f74aa2f6,2078dab5-cf32-4026-8ccd-b0ab7221f781,2024-06-23,35
864c456c-2efc-429a-9e58-7c849a471036,ce9c34f1-46a7-48ac-9776-9307e4f3f266,2024-12-24,18
f9707bf6-bc5f-4aa4-a274-85e9f74aa2f6,c266d26a-34fd-4621-acf9-a38df18ecb90,2024-12-14,70
864c456c-2efc-429a-9e58-7c849a471036,cd5bce0a-ffa9-4424-87e4-00c3257a5131,2025-01-10,44
864c456c-2efc-429a-9e58-7c849a471036,661b3552-91a4-4dea-ba75-e95cba796d29,2024-05-25,104
55708de2-653a-4c0a-b610-d27cd6811eaa,78047c59-fef7-4a91-b3fd-8866184cf5ba,2024-10-13,89
22a3074e-4e94-4c3d-8603-6939d9698425,004442b9-ff1e-4cfd-a3a8-a7df7726a1be,2024-12-13,30
f5d27c14-eeab-4e38-b9f9-d2014c13e668,9f823266-5a03-40a9-b1cf-483a9167468c,2024-06-01,79
9be89a7f-8d85-4fe6-bd7d-b6e23c4dd8a6,9826725b-33c4-4605-b129-9cd175cdd594,2024-10-25,61
f54307b1-0d39-47a1-9356-c79bfea26c4a,b10a6784-2b82-4322-bd82-8aecaead8f2f,2024-03-18,55
dd09d6d5-8d02-4863-b3a5-9a86b72c20a4,2078dab5-cf32-4026-8ccd-b0ab7221f781,2024-12-15,16
8473716e-d062-425b-9711-871d72c626c8,dec3917e-e585-458f-b0c2-a9c3c1a69470,2024-11-23,64
dd0d8fbb-93db-4f5b-8930-63fd6ccc4cc5,b10a6784-2b82-4322-bd82-8aecaead8f2f,2024-08-24,38
7a65db9a-42e5-468c-b210-a5263526ca5d,cd5bce0a-ffa9-4424-87e4-00c3257a5131,2024-06-10,82
dd3c12cf-2b76-46ca-aeb8-c771705ee5f9,9826725b-33c4-4605-b129-9cd175cdd594,2025-01-03,70
ee056d65-f29e-470d-b739-5090e7d34642,3ea51017-e1c2-42fe-beb3-8d67b6daccbf,2024-12-10,41
1bcb5e38-9cdf-478b-9145-ab0bd66ed95a,18a89cc8-1e4a-451d-a10d-11cff4002155,2024-04-03,19
d8c04c02-bbe5-489f-b7bf-c2b1ddacca50,c266d26a-34fd-4621-acf9-a38df18ecb90,2025-01-04,64
c7d23781-4043-4898-a0ce-a904f49e2eb1,3ea51017-e1c2-42fe-beb3-8d67b6daccbf,2024-10-29,76
e0313733-e789-4edd-be4f-16f9bec1d5e5,9fd676c6-d8cc-4dd8-84c8-ad95c978fba0,2025-01-23,42
f54307b1-0d39-47a1-9356-c79bfea26c4a,df812a39-2dbe-40ba-bf84-91b061dc6a5f,2025-01-03,51
ce4cfcab-3fe6-45bf-a645-e2168a711c27,81b8a873-e811-4db2-9d78-e7f40bd6804b,2024-04-21,29
55708de2-653a-4c0a-b610-d27cd6811eaa,3d69f6bf-32b9-4532-a1ca-29f0dd55167f,2024-08-13,21
dd09d6d5-8d02-4863-b3a5-9a86b72c20a4,3f72fbb0-1d46-4847-b4b0-dd9d4003b605,2024-05-05,87
e287abf5-397d-48b4-a005-98d00dc81e79,3ea51017-e1c2-42fe-beb3-8d67b6daccbf,2024-08-08,70
7a9f4b71-dbe6-4d99-8ef9-58a52cf197b1,81b8a873-e811-4db2-9d78-e7f40bd6804b,2024-12-29,103
dd3c12cf-2b76-46ca-aeb8-c771705ee5f9,6cbc20e0-1d58-47c3-b2f1-488b7a8811fe,2025-02-15,47
7a9f4b71-dbe6-4d99-8ef9-58a52cf197b1,6906693f-6202-4303-aa1a-e9e2fd06e2e7,2025-02-07,32
afd424c5-2948-4af1-b6e4-27661c2cc341,18a89cc8-1e4a-451d-a10d-11cff4002155,2024-04-10,27
1bcb5e38-9cdf-478b-9145-ab0bd66ed95a,18a89cc8-1e4a-451d-a10d-11cff4002155,2024-07-15,93
c9e337d2-7666-4164-aff1-bcddd847676f,a3796553-8c2d-4e05-8531-df918efe5e38,2024-09-22,38
1bcb5e38-9cdf-478b-9145-ab0bd66ed95a,661b3552-91a4-4dea-ba75-e95cba796d29,2024-07-02,82
22a3074e-4e94-4c3d-8603-6939d9698425,a3796553-8c2d-4e05-8531-df918efe5e38,2025-01-02,64
f54307b1-0d39-47a1-9356-c79bfea26c4a,6cbc20e0-1d58-47c3-b2f1-488b7a8811fe,2024-09-27,51
55708de2-653a-4c0a-b610-d27cd6811eaa,e15fb567-29ff-48db-ae03-13cec8b73d0f,2025-01-15,63
9be89a7f-8d85-4fe6-bd7d-b6e23c4dd8a6,e15fb567-29ff-48db-ae03-13cec8b73d0f,2025-02-13,85
dd09d6d5-8d02-4863-b3a5-9a86b72c20a4,dec3917e-e585-458f-b0c2-a9c3c1a69470,2024-05-28,49
8473716e-d062-425b-9711-871d72c626c8,a11de8d5-6619-4122-8a5d-e8475021c1c1,2024-03-15,99
9be89a7f-8d85-4fe6-bd7d-b6e23c4dd8a6,e4840df4-b8e5-4df1-9e7d-19b66f26b35b,2025-01-10,68
cf923401-a395-4475-a8d7-32cec74cafe2,81b8a873-e811-4db2-9d78-e7f40bd6804b,2024-08-20,71
55708de2-653a-4c0a-b610-d27cd6811eaa,07631f77-189f-45d8-b3b1-eab9912a2ee0,2024-05-26,70
c2029c11-fe14-4f46-9a8f-f552f0a36421,07631f77-189f-45d8-b3b1-eab9912a2ee0,2024-06-07,50
a9675097-ca1c-49e7-8241-47c1c37c81b6,ce9c34f1-46a7-48ac-9776-9307e4f3f266,2024-10-23,47
f9707bf6-bc5f-4aa4-a274-85e9f74aa2f6,c0f376fa-17da-4ddf-932f-4773fbfd1445,2025-02-26,82
a8a564b6-96bd-47ae-a91b-772a18ac5c69,b10a6784-2b82-4322-bd82-8aecaead8f2f,2024-12-01,60
dd3c12cf-2b76-46ca-aeb8-c771705ee5f9,a11de8d5-6619-4122-8a5d-e8475021c1c1,2024-07-10,76
8473716e-d062-425b-9711-871d72c626c8,78047c59-fef7-4a91-b3fd-8866184cf5ba,2024-03-30,75
a9675097-ca1c-49e7-8241-47c1c37c81b6,a3796553-8c2d-4e05-8531-df918efe5e38,2024-09-08,22
8473716e-d062-425b-9711-871d72c626c8,44ce6c58-1498-4557-8366-a92e3b43af0f,2025-01-19,47
dd09d6d5-8d02-4863-b3a5-9a86b72c20a4,6906693f-6202-4303-aa1a-e9e2fd06e2e7,2024-06-07,43
c9e337d2-7666-4164-aff1-bcddd847676f,91604482-9082-49eb-9836-609eb40a66a8,2024-06-22,104
e0313733-e789-4edd-be4f-16f9bec1d5e5,9826725b-33c4-4605-b129-9cd175cdd594,2024-05-10,26
dd09d6d5-8d02-4863-b3a5-9a86b72c20a4,5982dedd-5759-4538-b7b0-2cce6b29c6fb,2024-11-23,45
c9e337d2-7666-4164-aff1-bcddd847676f,3f72fbb0-1d46-4847-b4b0-dd9d4003b605,2025-01-06,85
c2029c11-fe14-4f46-9a8f-f552f0a36421,661b3552-91a4-4dea-ba75-e95cba796d29,2025-01-03,59
dd0d8fbb-93db-4f5b-8930-63fd6ccc4cc5,91604482-9082-49eb-9836-609eb40a66a8,2024-09-18,29
04adc730-586d-42f7-a9b2-a15883291595,18a89cc8-1e4a-451d-a10d-11cff4002155,2024-06-15,94
afd424c5-2948-4af1-b6e4-27661c2cc341,91604482-9082-49eb-9836-609eb40a66a8,2025-02-15,86
1bcb5e38-9cdf-478b-9145-ab0bd66ed95a,6cbc20e0-1d58-47c3-b2f1-488b7a8811fe,2024-07-13,45
8473716e-d062-425b-9711-871d72c626c8,2078dab5-cf32-4026-8ccd-b0ab7221f781,2024-03-19,37
7a9f4b71-dbe6-4d99-8ef9-58a52cf197b1,dec3917e-e585-458f-b0c2-a9c3c1a69470,2025-02-09,44
000f6c50-f9f2-430e-9c4b-5faa4ef1eff4,6906693f-6202-4303-aa1a-e9e2fd06e2e7,2024-04-07,58
9be89a7f-8d85-4fe6-bd7d-b6e23c4dd8a6,004442b9-ff1e-4cfd-a3a8-a7df7726a1be,2024-12-22,56
dd3c12cf-2b76-46ca-aeb8-c771705ee5f9,bf9d461a-7808-4293-995b-6543f43be95b,2024-10-10,86
c2029c11-fe14-4f46-9a8f-f552f0a36421,3ea51017-e1c2-42fe-beb3-8d67b6daccbf,2024-08-10,75
dd3c12cf-2b76-46ca-aeb8-c771705ee5f9,dec3917e-e585-458f-b0c2-a9c3c1a69470,2025-02-25,61
ce4cfcab-3fe6-45bf-a645-e2168a711c27,b10a6784-2b82-4322-bd82-8aecaead8f2f,2025-02-23,78
c7d23781-4043-4898-a0ce-a904f49e2eb1,cd5bce0a-ffa9-4424-87e4-00c3257a5131,2024-08-28,67
f9707bf6-bc5f-4aa4-a274-85e9f74aa2f6,9826725b-33c4-4605-b129-9cd175cdd594,2024-03-04,32
f54307b1-0d39-47a1-9356-c79bfea26c4a,ce9c34f1-46a7-48ac-9776-9307e4f3f266,2024-07-07,58
7a9f4b71-dbe6-4d99-8ef9-58a52cf197b1,6906693f-6202-4303-aa1a-e9e2fd06e2e7,2024-04-27,100
55708de2-653a-4c0a-b610-d27cd6811eaa,07631f77-189f-45d8-b3b1-eab9912a2ee0,2024-06-13,42
c2029c11-fe14-4f46-9a8f-f552f0a36421,c3f791d4-c444-4d82-8fdd-8a775a6777f3,2025-01-29,23
9be89a7f-8d85-4fe6-bd7d-b6e23c4dd8a6,91604482-9082-49eb-9836-609eb40a66a8,2024-11-10,29
b8e320a1-dee5-4b37-bbba-2b29526645cc,921aa0ab-43cd-464f-b830-3e245e1db9bb,2024-04-30,87
afd424c5-2948-4af1-b6e4-27661c2cc341,44ce6c58-1498-4557-8366-a92e3b43af0f,2024-06-14,59
dd09d6d5-8d02-4863-b3a5-9a86b72c20a4,9f823266-5a03-40a9-b1cf-483a9167468c,2025-02-18,99
8473716e-d062-425b-9711-871d72c626c8,2078dab5-cf32-4026-8ccd-b0ab7221f781,2024-05-03,30
8473716e-d062-425b-9711-871d72c626c8,b10a6784-2b82-4322-bd82-8aecaead8f2f,2024-05-18,23
c2029c11-fe14-4f46-9a8f-f552f0a36421,c0f376fa-17da-4ddf-932f-4773fbfd1445,2024-12-13,73
f9707bf6-bc5f-4aa4-a274-85e9f74aa2f6,661b3552-91a4-4dea-ba75-e95cba796d29,2024-03-08,52
e0313733-e789-4edd-be4f-16f9bec1d5e5,b2c860dc-4003-49af-b5b0-ae710ce8f750,2024-07-27,80
22a3074e-4e94-4c3d-8603-6939d9698425,81b8a873-e811-4db2-9d78-e7f40bd6804b,2024-07-06,52
d8c04c02-bbe5-489f-b7bf-c2b1ddacca50,b10a6784-2b82-4322-bd82-8aecaead8f2f,2024-06-06,65
c2029c11-fe14-4f46-9a8f-f552f0a36421,81b8a873-e811-4db2-9d78-e7f40bd6804b,2024-10-26,47
000f6c50-f9f2-430e-9c4b-5faa4ef1eff4,5982dedd-5759-4538-b7b0-2cce6b29c6fb,2024-04-23,56
e287abf5-397d-48b4-a005-98d00dc81e79,debba96f-4b4b-4195-96c8-656473d35ee0,2025-01-14,16
000f6c50-f9f2-430e-9c4b-5faa4ef1eff4,2a23efd8-cf6c-40cb-bb72-1143b9b5b528,2024-12-07,74
d8c04c02-bbe5-489f-b7bf-c2b1ddacca50,b10a6784-2b82-4322-bd82-8aecaead8f2f,2024-11-30,29
e0313733-e789-4edd-be4f-16f9bec1d5e5,3f72fbb0-1d46-4847-b4b0-dd9d4003b605,2024-08-31,55
ee056d65-f29e-470d-b739-5090e7d34642,df812a39-2dbe-40ba-bf84-91b061dc6a5f,2024-06-20,17
afd424c5-2948-4af1-b6e4-27661c2cc341,cd5bce0a-ffa9-4424-87e4-00c3257a5131,2024-03-07,26
7a9f4b71-dbe6-4d99-8ef9-58a52cf197b1,debba96f-4b4b-4195-96c8-656473d35ee0,2024-09-16,27
ce4cfcab-3fe6-45bf-a645-e2168a711c27,e4840df4-b8e5-4df1-9e7d-19b66f26b35b,2025-02-14,42
22a3074e-4e94-4c3d-8603-6939d9698425,df812a39-2dbe-40ba-bf84-91b061dc6a5f,2024-07-28,34
f9707bf6-bc5f-4aa4-a274-85e9f74aa2f6,07631f77-189f-45d8-b3b1-eab9912a2ee0,2025-02-22,42
c9e337d2-7666-4164-aff1-bcddd847676f,0ff180f7-20f7-4b8d-a203-e8f04b92c5ea,2024-04-16,79
afd424c5-2948-4af1-b6e4-27661c2cc341,a3796553-8c2d-4e05-8531-df918efe5e38,2024-03-28,40
cf923401-a395-4475-a8d7-32cec74cafe2,c3f791d4-c444-4d82-8fdd-8a775a6777f3,2024-08-27,59
dd09d6d5-8d02-4863-b3a5-9a86b72c20a4,6cbc20e0-1d58-47c3-b2f1-488b7a8811fe,2024-12-25,35
e0313733-e789-4edd-be4f-16f9bec1d5e5,ce9c34f1-46a7-48ac-9776-9307e4f3f266,2024-06-15,91
7a65db9a-42e5-468c-b210-a5263526ca5d,18a89cc8-1e4a-451d-a10d-11cff4002155,2024-07-24,20
22a3074e-4e94-4c3d-8603-6939d9698425,81b8a873-e811-4db2-9d78-e7f40bd6804b,2024-06-23,97
b8e320a1-dee5-4b37-bbba-2b29526645cc,e4840df4-b8e5-4df1-9e7d-19b66f26b35b,2024-10-27,101
9be89a7f-8d85-4fe6-bd7d-b6e23c4dd8a6,2078dab5-cf32-4026-8ccd-b0ab7221f781,2025-02-26,86
000f6c50-f9f2-430e-9c4b-5faa4ef1eff4,81b8a873-e811-4db2-9d78-e7f40bd6804b,2024-11-18,67
a9675097-ca1c-49e7-8241-47c1c37c81b6,9826725b-33c4-4605-b129-9cd175cdd594,2024-11-25,95
f54307b1-0d39-47a1-9356-c79bfea26c4a,df812a39-2dbe-40ba-bf84-91b061dc6a5f,2024-03-11,32
9be89a7f-8d85-4fe6-bd7d-b6e23c4dd8a6,cd5bce0a-ffa9-4424-87e4-00c3257a5131,2024-06-24,53
f9707bf6-bc5f-4aa4-a274-85e9f74aa2f6,9f823266-5a03-40a9-b1cf-483a9167468c,2025-01-02,32
a9675097-ca1c-49e7-8241-47c1c37c81b6,0ff180f7-20f7-4b8d-a203-e8f04b92c5ea,2024-04-30,88
7a9f4b71-dbe6-4d99-8ef9-58a52cf197b1,6cbc20e0-1d58-47c3-b2f1-488b7a8811fe,2025-02-19,77
dd3c12cf-2b76-46ca-aeb8-c771705ee5f9,6cbc20e0-1d58-47c3-b2f1-488b7a8811fe,2024-10-09,69
22a3074e-4e94-4c3d-8603-6939d9698425,b2c860dc-4003-49af-b5b0-ae710ce8f750,2025-01-11,42
000f6c50-f9f2-430e-9c4b-5faa4ef1eff4,5982dedd-5759-4538-b7b0-2cce6b29c6fb,2024-09-14,62
dd0d8fbb-93db-4f5b-8930-63fd6ccc4cc5,df812a39-2dbe-40ba-bf84-91b061dc6a5f,2024-09-07,95
c7d23781-4043-4898-a0ce-a904f49e2eb1,df812a39-2dbe-40ba-bf84-91b061dc6a5f,2025-02-02,27
c2029c11-fe14-4f46-9a8f-f552f0a36421,a11de8d5-6619-4122-8a5d-e8475021c1c1,2024-06-02,20
e147fec4-d6d6-4fba-93ed-fd277011f1e7,6cbc20e0-1d58-47c3-b2f1-488b7a8811fe,2024-03-13,15
e287abf5-397d-48b4-a005-98d00dc81e79,004442b9-ff1e-4cfd-a3a8-a7df7726a1be,2024-05-12,17
22a3074e-4e94-4c3d-8603-6939d9698425,9f823266-5a03-40a9-b1cf-483a9167468c,2024-10-27,67
afd424c5-2948-4af1-b6e4-27661c2cc341,bf9d461a-7808-4293-995b-6543f43be95b,2025-02-21,57
f9707bf6-bc5f-4aa4-a274-85e9f74aa2f6,cd5bce0a-ffa9-4424-87e4-00c3257a5131,2024-03-12,88
b8e320a1-dee5-4b37-bbba-2b29526645cc,e4840df4-b8e5-4df1-9e7d-19b66f26b35b,2024-06-15,31
e147fec4-d6d6-4fba-93ed-fd277011f1e7,07631f77-189f-45d8-b3b1-eab9912a2ee0,2024-09-26,94
7a65db9a-42e5-468c-b210-a5263526ca5d,2078dab5-cf32-4026-8ccd-b0ab7221f781,2025-02-25,19
c2029c11-fe14-4f46-9a8f-f552f0a36421,debba96f-4b4b-4195-96c8-656473d35ee0,2024-12-17,47
ee056d65-f29e-470d-b739-5090e7d34642,c0f376fa-17da-4ddf-932f-4773fbfd1445,2024-12-13,75
9be89a7f-8d85-4fe6-bd7d-b6e23c4dd8a6,5982dedd-5759-4538-b7b0-2cce6b29c6fb,2025-01-14,51
afd424c5-2948-4af1-b6e4-27661c2cc341,3f72fbb0-1d46-4847-b4b0-dd9d4003b605,2024-11-27,95
000f6c50-f9f2-430e-9c4b-5faa4ef1eff4,661b3552-91a4-4dea-ba75-e95cba796d29,2024-04-27,47
1bcb5e38-9cdf-478b-9145-ab0bd66ed95a,ce9c34f1-46a7-48ac-9776-9307e4f3f266,2024-07-20,70
9be89a7f-8d85-4fe6-bd7d-b6e23c4dd8a6,07631f77-189f-45d8-b3b1-eab9912a2ee0,2024-03-16,86
e147fec4-d6d6-4fba-93ed-fd277011f1e7,c266d26a-34fd-4621-acf9-a38df18ecb90,2025-01-28,29
7a9f4b71-dbe6-4d99-8ef9-58a52cf197b1,661b3552-91a4-4dea-ba75-e95cba796d29,2024-06-11,49
8473716e-d062-425b-9711-871d72c626c8,9826725b-33c4-4605-b129-9cd175cdd594,2024-10-14,24
ee056d65-f29e-470d-b739-5090e7d34642,921aa0ab-43cd-464f-b830-3e245e1db9bb,2024-05-29,32
d8c04c02-bbe5-489f-b7bf-c2b1ddacca50,78047c59-fef7-4a91-b3fd-8866184cf5ba,2025-03-01,67
f54307b1-0d39-47a1-9356-c79bfea26c4a,b10a6784-2b82-4322-bd82-8aecaead8f2f,2024-12-05,54
ee056d65-f29e-470d-b739-5090e7d34642,2a23efd8-cf6c-40cb-bb72-1143b9b5b528,2024-12-26,77
e287abf5-397d-48b4-a005-98d00dc81e79,0ff180f7-20f7-4b8d-a203-e8f04b92c5ea,2024-05-06,103
55708de2-653a-4c0a-b610-d27cd6811eaa,6906693f-6202-4303-aa1a-e9e2fd06e2e7,2024-11-09,68
dd0d8fbb-93db-4f5b-8930-63fd6ccc4cc5,e15fb567-29ff-48db-ae03-13cec8b73d0f,2024-11-12,59
d8c04c02-bbe5-489f-b7bf-c2b1ddacca50,6906693f-6202-4303-aa1a-e9e2fd06e2e7,2024-06-22,27
f5d27c14-eeab-4e38-b9f9-d2014c13e668,3ea51017-e1c2-42fe-beb3-8d67b6daccbf,2024-11-22,38
f5d27c14-eeab-4e38-b9f9-d2014c13e668,91604482-9082-49eb-9836-609eb40a66a8,2024-10-16,98
f5d27c14-eeab-4e38-b9f9-d2014c13e668,e15fb567-29ff-48db-ae03-13cec8b73d0f,2024-06-21,58
7a65db9a-42e5-468c-b210-a5263526ca5d,a3796553-8c2d-4e05-8531-df918efe5e38,2025-02-24,78
f54307b1-0d39-47a1-9356-c79bfea26c4a,0ff180f7-20f7-4b8d-a203-e8f04b92c5ea,2024-08-07,20
dd0d8fbb-93db-4f5b-8930-63fd6ccc4cc5,ce9c34f1-46a7-48ac-9776-9307e4f3f266,2024-10-06,81
7a9f4b71-dbe6-4d99-8ef9-58a52cf197b1,9826725b-33c4-4605-b129-9cd175cdd594,2024-08-10,102
dd3c12cf-2b76-46ca-aeb8-c771705ee5f9,91604482-9082-49eb-9836-609eb40a66a8,2024-10-29,84
f5d27c14-eeab-4e38-b9f9-d2014c13e668,91604482-9082-49eb-9836-609eb40a66a8,2024-09-11,15
b8e320a1-dee5-4b37-bbba-2b29526645cc,c0f376fa-17da-4ddf-932f-4773fbfd1445,2024-08-27,97
e287abf5-397d-48b4-a005-98d00dc81e79,44ce6c58-1498-4557-8366-a92e3b43af0f,2024-03-31,93
1bcb5e38-9cdf-478b-9145-ab0bd66ed95a,921aa0ab-43cd-464f-b830-3e245e1db9bb,2024-07-03,84
000f6c50-f9f2-430e-9c4b-5faa4ef1eff4,921aa0ab-43cd-464f-b830-3e245e1db9bb,2025-02-12,97
ee056d65-f29e-470d-b739-5090e7d34642,2078dab5-cf32-4026-8ccd-b0ab7221f781,2024-10-16,98
ee056d65-f29e-470d-b739-5090e7d34642,e4840df4-b8e5-4df1-9e7d-19b66f26b35b,2024-07-16,28
ee056d65-f29e-470d-b739-5090e7d34642,b10a6784-2b82-4322-bd82-8aecaead8f2f,2024-11-29,42
000f6c50-f9f2-430e-9c4b-5faa4ef1eff4,bf9d461a-7808-4293-995b-6543f43be95b,2024-10-25,79
c7d23781-4043-4898-a0ce-a904f49e2eb1,3f72fbb0-1d46-4847-b4b0-dd9d4003b605,2024-06-25,37
b8e320a1-dee5-4b37-bbba-2b29526645cc,44ce6c58-1498-4557-8366-a92e3b43af0f,2024-09-29,100
22a3074e-4e94-4c3d-8603-6939d9698425,6906693f-6202-4303-aa1a-e9e2fd06e2e7,2024-03-22,39
f5d27c14-eeab-4e38-b9f9-d2014c13e668,debba96f-4b4b-4195-96c8-656473d35ee0,2024-07-22,61
a8a564b6-96bd-47ae-a91b-772a18ac5c69,b2c860dc-4003-49af-b5b0-ae710ce8f750,2024-09-08,88
c7d23781-4043-4898-a0ce-a904f49e2eb1,ce9c34f1-46a7-48ac-9776-9307e4f3f266,2024-06-08,31
afd424c5-2948-4af1-b6e4-27661c2cc341,bf9d461a-7808-4293-995b-6543f43be95b,2024-09-17,68
b8e320a1-dee5-4b37-bbba-2b29526645cc,004442b9-ff1e-4cfd-a3a8-a7df7726a1be,2024-09-17,26
8473716e-d062-425b-9711-871d72c626c8,3d69f6bf-32b9-4532-a1ca-29f0dd55167f,2025-01-03,69
1bcb5e38-9cdf-478b-9145-ab0bd66ed95a,ce9c34f1-46a7-48ac-9776-9307e4f3f266,2024-09-16,35
f54307b1-0d39-47a1-9356-c79bfea26c4a,9826725b-33c4-4605-b129-9cd175cdd594,2025-02-05,97
c9e337d2-7666-4164-aff1-bcddd847676f,a3796553-8c2d-4e05-8531-df918efe5e38,2024-07-20,27
7a9f4b71-dbe6-4d99-8ef9-58a52cf197b1,c0f376fa-17da-4ddf-932f-4773fbfd1445,2024-03-11,100
dd0d8fbb-93db-4f5b-8930-63fd6ccc4cc5,9f823266-5a03-40a9-b1cf-483a9167468c,2024-04-07,88
7a9f4b71-dbe6-4d99-8ef9-58a52cf197b1,ce9c34f1-46a7-48ac-9776-9307e4f3f266,2024-12-31,85
f54307b1-0d39-47a1-9356-c79bfea26c4a,c3f791d4-c444-4d82-8fdd-8a775a6777f3,2024-11-11,23
04adc730-586d-42f7-a9b2-a15883291595,44ce6c58-1498-4557-8366-a92e3b43af0f,2024-11-30,16
c7d23781-4043-4898-a0ce-a904f49e2eb1,2a23efd8-cf6c-40cb-bb72-1143b9b5b528,2025-02-03,81
e0313733-e789-4edd-be4f-16f9bec1d5e5,6906693f-6202-4303-aa1a-e9e2fd06e2e7,2024-07-30,71
9be89a7f-8d85-4fe6-bd7d-b6e23c4dd8a6,b2c860dc-4003-49af-b5b0-ae710ce8f750,2024-04-04,18
000f6c50-f9f2-430e-9c4b-5faa4ef1eff4,df812a39-2dbe-40ba-bf84-91b061dc6a5f,2024-11-13,65
7a9f4b71-dbe6-4d99-8ef9-58a52cf197b1,3f72fbb0-1d46-4847-b4b0-dd9d4003b605,2024-07-16,21
f9707bf6-bc5f-4aa4-a274-85e9f74aa2f6,cd5bce0a-ffa9-4424-87e4-00c3257a5131,2024-11-11,90
dd3c12cf-2b76-46ca-aeb8-c771705ee5f9,ce9c34f1-46a7-48ac-9776-9307e4f3f266,2025-02-14,73
afd424c5-2948-4af1-b6e4-27661c2cc341,c3f791d4-c444-4d82-8fdd-8a775a6777f3,2024-06-03,40
c9e337d2-7666-4164-aff1-bcddd847676f,cd5bce0a-ffa9-4424-87e4-00c3257a5131,2024-08-10,32
1bcb5e38-9cdf-478b-9145-ab0bd66ed95a,3d69f6bf-32b9-4532-a1ca-29f0dd55167f,2024-07-19,105
9be89a7f-8d85-4fe6-bd7d-b6e23c4dd8a6,df812a39-2dbe-40ba-bf84-91b061dc6a5f,2024-05-03,27
8473716e-d062-425b-9711-871d72c626c8,3f72fbb0-1d46-4847-b4b0-dd9d4003b605,2024-12-27,39
864c456c-2efc-429a-9e58-7c849a471036,3f72fbb0-1d46-4847-b4b0-dd9d4003b605,2024-12-18,69
22a3074e-4e94-4c3d-8603-6939d9698425,c3f791d4-c444-4d82-8fdd-8a775a6777f3,2024-10-10,16
04adc730-586d-42f7-a9b2-a15883291595,81b8a873-e811-4db2-9d78-e7f40bd6804b,2024-10-18,97
b8e320a1-dee5-4b37-bbba-2b29526645cc,bf9d461a-7808-4293-995b-6543f43be95b,2024-08-22,69
ce4cfcab-3fe6-45bf-a645-e2168a711c27,b2c860dc-4003-49af-b5b0-ae710ce8f750,2025-02-10,19
55708de2-653a-4c0a-b610-d27cd6811eaa,2078dab5-cf32-4026-8ccd-b0ab7221f781,2024-09-10,54
8473716e-d062-425b-9711-871d72c626c8,921aa0ab-43cd-464f-b830-3e245e1db9bb,2024-10-17,51
e0313733-e789-4edd-be4f-16f9bec1d5e5,78047c59-fef7-4a91-b3fd-8866184cf5ba,2024-12-22,75
55708de2-653a-4c0a-b610-d27cd6811eaa,2a23efd8-cf6c-40cb-bb72-1143b9b5b528,2025-01-17,30
dd3c12cf-2b76-46ca-aeb8-c771705ee5f9,df812a39-2dbe-40ba-bf84-91b061dc6a5f,2024-12-07,101
f5d27c14-eeab-4e38-b9f9-d2014c13e668,3f72fbb0-1d46-4847-b4b0-dd9d4003b605,2024-10-04,77
c2029c11-fe14-4f46-9a8f-f552f0a36421,44ce6c58-1498-4557-8366-a92e3b43af0f,2024-08-09,51
b8e320a1-dee5-4b37-bbba-2b29526645cc,3f72fbb0-1d46-4847-b4b0-dd9d4003b605,2024-08-02,32
1bcb5e38-9cdf-478b-9145-ab0bd66ed95a,3ea51017-e1c2-42fe-beb3-8d67b6daccbf,2024-06-30,38
d8c04c02-bbe5-489f-b7bf-c2b1ddacca50,3f72fbb0-1d46-4847-b4b0-dd9d4003b605,2024-11-07,100
9be89a7f-8d85-4fe6-bd7d-b6e23c4dd8a6,b10a6784-2b82-4322-bd82-8aecaead8f2f,2024-09-29,25
ee056d65-f29e-470d-b739-5090e7d34642,c266d26a-34fd-4621-acf9-a38df18ecb90,2024-07-04,69
9be89a7f-8d85-4fe6-bd7d-b6e23c4dd8a6,9826725b-33c4-4605-b129-9cd175cdd594,2024-12-20,77
e0313733-e789-4edd-be4f-16f9bec1d5e5,0ff180f7-20f7-4b8d-a203-e8f04b92c5ea,2025-01-29,77
d8c04c02-bbe5-489f-b7bf-c2b1ddacca50,e4840df4-b8e5-4df1-9e7d-19b66f26b35b,2024-09-07,31
7a9f4b71-dbe6-4d99-8ef9-58a52cf197b1,e15fb567-29ff-48db-ae03-13cec8b73d0f,2024-11-06,72
f5d27c14-eeab-4e38-b9f9-d2014c13e668,81b8a873-e811-4db2-9d78-e7f40bd6804b,2024-09-17,24
dd09d6d5-8d02-4863-b3a5-9a86b72c20a4,18a89cc8-1e4a-451d-a10d-11cff4002155,2024-12-19,104
864c456c-2efc-429a-9e58-7c849a471036,df812a39-2dbe-40ba-bf84-91b061dc6a5f,2024-05-24,15
ce4cfcab-3fe6-45bf-a645-e2168a711c27,3ea51017-e1c2-42fe-beb3-8d67b6daccbf,2024-12-04,46
04adc730-586d-42f7-a9b2-a15883291595,91604482-9082-49eb-9836-609eb40a66a8,2024-07-14,101
d8c04c02-bbe5-489f-b7bf-c2b1ddacca50,e4840df4-b8e5-4df1-9e7d-19b66f26b35b,2025-01-12,69
04adc730-586d-42f7-a9b2-a15883291595,6cbc20e0-1d58-47c3-b2f1-488b7a8811fe,2024-11-01,38
dd09d6d5-8d02-4863-b3a5-9a86b72c20a4,921aa0ab-43cd-464f-b830-3e245e1db9bb,2024-08-18,104
e0313733-e789-4edd-be4f-16f9bec1d5e5,cd5bce0a-ffa9-4424-87e4-00c3257a5131,2024-06-18,20
ee056d65-f29e-470d-b739-5090e7d34642,91604482-9082-49eb-9836-609eb40a66a8,2024-05-26,53
55708de2-653a-4c0a-b610-d27cd6811eaa,cd5bce0a-ffa9-4424-87e4-00c3257a5131,2024-08-09,43
cf923401-a395-4475-a8d7-32cec74cafe2,df812a39-2dbe-40ba-bf84-91b061dc6a5f,2025-01-29,84
7a65db9a-42e5-468c-b210-a5263526ca5d,cd5bce0a-ffa9-4424-87e4-00c3257a5131,2024-09-05,82
ee056d65-f29e-470d-b739-5090e7d34642,9fd676c6-d8cc-4dd8-84c8-ad95c978fba0,2024-12-03,17
f9707bf6-bc5f-4aa4-a274-85e9f74aa2f6,9f823266-5a03-40a9-b1cf-483a9167468c,2024-11-02,71
f5d27c14-eeab-4e38-b9f9-d2014c13e668,debba96f-4b4b-4195-96c8-656473d35ee0,2025-01-27,78
a8a564b6-96bd-47ae-a91b-772a18ac5c69,c0f376fa-17da-4ddf-932f-4773fbfd1445,2024-07-08,49
8473716e-d062-425b-9711-871d72c626c8,9f823266-5a03-40a9-b1cf-483a9167468c,2025-03-01,26
000f6c50-f9f2-430e-9c4b-5faa4ef1eff4,81b8a873-e811-4db2-9d78-e7f40bd6804b,2024-11-09,75
a9675097-ca1c-49e7-8241-47c1c37c81b6,07631f77-189f-45d8-b3b1-eab9912a2ee0,2024-09-15,52
000f6c50-f9f2-430e-9c4b-5faa4ef1eff4,c266d26a-34fd-4621-acf9-a38df18ecb90,2024-04-29,95
8473716e-d062-425b-9711-871d72c626c8,ce9c34f1-46a7-48ac-9776-9307e4f3f266,2024-04-27,100
000f6c50-f9f2-430e-9c4b-5faa4ef1eff4,44ce6c58-1498-4557-8366-a92e3b43af0f,2024-07-14,69
55708de2-653a-4c0a-b610-d27cd6811eaa,5982dedd-5759-4538-b7b0-2cce6b29c6fb,2024-03-30,103
f54307b1-0d39-47a1-9356-c79bfea26c4a,91604482-9082-49eb-9836-609eb40a66a8,2025-02-05,22
e287abf5-397d-48b4-a005-98d00dc81e79,9fd676c6-d8cc-4dd8-84c8-ad95c978fba0,2025-01-26,81
7a9f4b71-dbe6-4d99-8ef9-58a52cf197b1,ce9c34f1-46a7-48ac-9776-9307e4f3f266,2024-10-02,76
dd09d6d5-8d02-4863-b3a5-9a86b72c20a4,6cbc20e0-1d58-47c3-b2f1-488b7a8811fe,2024-11-19,91
f5d27c14-eeab-4e38-b9f9-d2014c13e668,b2c860dc-4003-49af-b5b0-ae710ce8f750,2024-11-09,78
b8e320a1-dee5-4b37-bbba-2b29526645cc,2078dab5-cf32-4026-8ccd-b0ab7221f781,2024-08-21,72
afd424c5-2948-4af1-b6e4-27661c2cc341,004442b9-ff1e-4cfd-a3a8-a7df7726a1be,2024-04-30,88
9be89a7f-8d85-4fe6-bd7d-b6e23c4dd8a6,07631f77-189f-45d8-b3b1-eab9912a2ee0,2024-04-05,101
ce4cfcab-3fe6-45bf-a645-e2168a711c27,0ff180f7-20f7-4b8d-a203-e8f04b92c5ea,2024-03-26,96
7a65db9a-42e5-468c-b210-a5263526ca5d,cd5bce0a-ffa9-4424-87e4-00c3257a5131,2025-03-01,34
f9707bf6-bc5f-4aa4-a274-85e9f74aa2f6,3f72fbb0-1d46-4847-b4b0-dd9d4003b605,2025-02-11,54
c9e337d2-7666-4164-aff1-bcddd847676f,a11de8d5-6619-4122-8a5d-e8475021c1c1,2024-07-19,105
dd3c12cf-2b76-46ca-aeb8-c771705ee5f9,9f823266-5a03-40a9-b1cf-483a9167468c,2024-09-01,93
f5d27c14-eeab-4e38-b9f9-d2014c13e668,e15fb567-29ff-48db-ae03-13cec8b73d0f,2024-06-23,95
7a65db9a-42e5-468c-b210-a5263526ca5d,0ff180f7-20f7-4b8d-a203-e8f04b92c5ea,2024-09-29,16
e0313733-e789-4edd-be4f-16f9bec1d5e5,a11de8d5-6619-4122-8a5d-e8475021c1c1,2024-08-22,67
dd3c12cf-2b76-46ca-aeb8-c771705ee5f9,3d69f6bf-32b9-4532-a1ca-29f0dd55167f,2025-02-09,28
000f6c50-f9f2-430e-9c4b-5faa4ef1eff4,dec3917e-e585-458f-b0c2-a9c3c1a69470,2024-09-27,41
55708de2-653a-4c0a-b610-d27cd6811eaa,cd5bce0a-ffa9-4424-87e4-00c3257a5131,2024-11-13,91
9be89a7f-8d85-4fe6-bd7d-b6e23c4dd8a6,004442b9-ff1e-4cfd-a3a8-a7df7726a1be,2024-06-01,60
dd09d6d5-8d02-4863-b3a5-9a86b72c20a4,bf9d461a-7808-4293-995b-6543f43be95b,2024-08-28,31
d8c04c02-bbe5-489f-b7bf-c2b1ddacca50,661b3552-91a4-4dea-ba75-e95cba796d29,2024-11-17,35
c9e337d2-7666-4164-aff1-bcddd847676f,78047c59-fef7-4a91-b3fd-8866184cf5ba,2024-06-24,40
d8c04c02-bbe5-489f-b7bf-c2b1ddacca50,a11de8d5-6619-4122-8a5d-e8475021c1c1,2024-09-21,70
1bcb5e38-9cdf-478b-9145-ab0bd66ed95a,921aa0ab-43cd-464f-b830-3e245e1db9bb,2024-05-04,18
9be89a7f-8d85-4fe6-bd7d-b6e23c4dd8a6,debba96f-4b4b-4195-96c8-656473d35ee0,2024-06-04,73
c2029c11-fe14-4f46-9a8f-f552f0a36421,661b3552-91a4-4dea-ba75-e95cba796d29,2024-03-10,58
dd0d8fbb-93db-4f5b-8930-63fd6ccc4cc5,921aa0ab-43cd-464f-b830-3e245e1db9bb,2024-08-19,68
ee056d65-f29e-470d-b739-5090e7d34642,07631f77-189f-45d8-b3b1-eab9912a2ee0,2024-11-17,103
c2029c11-fe14-4f46-9a8f-f552f0a36421,3f72fbb0-1d46-4847-b4b0-dd9d4003b605,2024-10-18,48
ce4cfcab-3fe6-45bf-a645-e2168a711c27,9fd676c6-d8cc-4dd8-84c8-ad95c978fba0,2024-04-15,30
dd3c12cf-2b76-46ca-aeb8-c771705ee5f9,91604482-9082-49eb-9836-609eb40a66a8,2024-08-13,44
afd424c5-2948-4af1-b6e4-27661c2cc341,c266d26a-34fd-4621-acf9-a38df18ecb90,2024-08-27,68
b8e320a1-dee5-4b37-bbba-2b29526645cc,921aa0ab-43cd-464f-b830-3e245e1db9bb,2025-01-04,21
864c456c-2efc-429a-9e58-7c849a471036,bf9d461a-7808-4293-995b-6543f43be95b,2024-03-04,29
f5d27c14-eeab-4e38-b9f9-d2014c13e668,c0f376fa-17da-4ddf-932f-4773fbfd1445,2024-03-09,58
dd3c12cf-2b76-46ca-aeb8-c771705ee5f9,a3796553-8c2d-4e05-8531-df918efe5e38,2024-10-11,60
c2029c11-fe14-4f46-9a8f-f552f0a36421,6906693f-6202-4303-aa1a-e9e2fd06e2e7,2024-06-23,68
9be89a7f-8d85-4fe6-bd7d-b6e23c4dd8a6,07631f77-189f-45d8-b3b1-eab9912a2ee0,2024-06-17,91
cf923401-a395-4475-a8d7-32cec74cafe2,44ce6c58-1498-4557-8366-a92e3b43af0f,2025-02-19,33
e287abf5-397d-48b4-a005-98d00dc81e79,c0f376fa-17da-4ddf-932f-4773fbfd1445,2024-11-21,31
22a3074e-4e94-4c3d-8603-6939d9698425,e4840df4-b8e5-4df1-9e7d-19b66f26b35b,2024-05-15,96
afd424c5-2948-4af1-b6e4-27661c2cc341,2a23efd8-cf6c-40cb-bb72-1143b9b5b528,2025-02-08,26
b8e320a1-dee5-4b37-bbba-2b29526645cc,debba96f-4b4b-4195-96c8-656473d35ee0,2024-12-06,37
f5d27c14-eeab-4e38-b9f9-d2014c13e668,e4840df4-b8e5-4df1-9e7d-19b66f26b35b,2024-11-25,105
04adc730-586d-42f7-a9b2-a15883291595,b2c860dc-4003-49af-b5b0-ae710ce8f750,2024-08-01,41
000f6c50-f9f2-430e-9c4b-5faa4ef1eff4,c3f791d4-c444-4d82-8fdd-8a775a6777f3,2024-03-25,79
e147fec4-d6d6-4fba-93ed-fd277011f1e7,91604482-9082-49eb-9836-609eb40a66a8,2024-12-05,88
04adc730-586d-42f7-a9b2-a15883291595,e15fb567-29ff-48db-ae03-13cec8b73d0f,2024-09-29,75
ce4cfcab-3fe6-45bf-a645-e2168a711c27,a3796553-8c2d-4e05-8531-df918efe5e38,2024-12-16,53
22a3074e-4e94-4c3d-8603-6939d9698425,c0f376fa-17da-4ddf-932f-4773fbfd1445,2024-05-14,102
cf923401-a395-4475-a8d7-32cec74cafe2,2a23efd8-cf6c-40cb-bb72-1143b9b5b528,2024-08-24,66
c7d23781-4043-4898-a0ce-a904f49e2eb1,2078dab5-cf32-4026-8ccd-b0ab7221f781,2024-10-08,34
e147fec4-d6d6-4fba-93ed-fd277011f1e7,78047c59-fef7-4a91-b3fd-8866184cf5ba,2024-11-16,73
e0313733-e789-4edd-be4f-16f9bec1d5e5,9826725b-33c4-4605-b129-9cd175cdd594,2025-01-10,72
f9707bf6-bc5f-4aa4-a274-85e9f74aa2f6,9826725b-33c4-4605-b129-9cd175cdd594,2024-11-04,89
04adc730-586d-42f7-a9b2-a15883291595,c0f376fa-17da-4ddf-932f-4773fbfd1445,2024-05-28,72
9be89a7f-8d85-4fe6-bd7d-b6e23c4dd8a6,e15fb567-29ff-48db-ae03-13cec8b73d0f,2024-10-06,75
ce4cfcab-3fe6-45bf-a645-e2168a711c27,9f823266-5a03-40a9-b1cf-483a9167468c,2024-11-12,48
b8e320a1-dee5-4b37-bbba-2b29526645cc,c0f376fa-17da-4ddf-932f-4773fbfd1445,2024-05-02,49
d8c04c02-bbe5-489f-b7bf-c2b1ddacca50,81b8a873-e811-4db2-9d78-e7f40bd6804b,2024-12-04,98
dd09d6d5-8d02-4863-b3a5-9a86b72c20a4,3ea51017-e1c2-42fe-beb3-8d67b6daccbf,2024-09-16,73
e0313733-e789-4edd-be4f-16f9bec1d5e5,2078dab5-cf32-4026-8ccd-b0ab7221f781,2025-02-06,70
dd3c12cf-2b76-46ca-aeb8-c771705ee5f9,9fd676c6-d8cc-4dd8-84c8-ad95c978fba0,2024-06-22,27
e0313733-e789-4edd-be4f-16f9bec1d5e5,ce9c34f1-46a7-48ac-9776-9307e4f3f266,2025-01-30,86
c2029c11-fe14-4f46-9a8f-f552f0a36421,78047c59-fef7-4a91-b3fd-8866184cf5ba,2024-04-09,16
f9707bf6-bc5f-4aa4-a274-85e9f74aa2f6,a3796553-8c2d-4e05-8531-df918efe5e38,2024-03-23,59
a9675097-ca1c-49e7-8241-47c1c37c81b6,5982dedd-5759-4538-b7b0-2cce6b29c6fb,2024-11-24,105
f54307b1-0d39-47a1-9356-c79bfea26c4a,c0f376fa-17da-4ddf-932f-4773fbfd1445,2024-12-02,61
ee056d65-f29e-470d-b739-5090e7d34642,9fd676c6-d8cc-4dd8-84c8-ad95c978fba0,2024-05-19,71
b8e320a1-dee5-4b37-bbba-2b29526645cc,9826725b-33c4-4605-b129-9cd175cdd594,2025-01-29,91
ce4cfcab-3fe6-45bf-a645-e2168a711c27,661b3552-91a4-4dea-ba75-e95cba796d29,2024-05-17,101
f5d27c14-eeab-4e38-b9f9-d2014c13e668,004442b9-ff1e-4cfd-a3a8-a7df7726a1be,2024-03-11,103
c9e337d2-7666-4164-aff1-bcddd847676f,c3f791d4-c444-4d82-8fdd-8a775a6777f3,2024-09-11,94
f5d27c14-eeab-4e38-b9f9-d2014c13e668,df812a39-2dbe-40ba-bf84-91b061dc6a5f,2024-08-10,97
f54307b1-0d39-47a1-9356-c79bfea26c4a,ce9c34f1-46a7-48ac-9776-9307e4f3f266,2024-05-29,34
7a9f4b71-dbe6-4d99-8ef9-58a52cf197b1,91604482-9082-49eb-9836-609eb40a66a8,2024-11-15,33
9be89a7f-8d85-4fe6-bd7d-b6e23c4dd8a6,cd5bce0a-ffa9-4424-87e4-00c3257a5131,2024-06-10,80
f5d27c14-eeab-4e38-b9f9-d2014c13e668,07631f77-189f-45d8-b3b1-eab9912a2ee0,2024-06-19,52
d8c04c02-bbe5-489f-b7bf-c2b1ddacca50,b10a6784-2b82-4322-bd82-8aecaead8f2f,2024-11-20,75
c2029c11-fe14-4f46-9a8f-f552f0a36421,6906693f-6202-4303-aa1a-e9e2fd06e2e7,2025-02-04,53
864c456c-2efc-429a-9e58-7c849a471036,81b8a873-e811-4db2-9d78-e7f40bd6804b,2024-08-08,15
dd0d8fbb-93db-4f5b-8930-63fd6ccc4cc5,a11de8d5-6619-4122-8a5d-e8475021c1c1,2024-10-27,79
1bcb5e38-9cdf-478b-9145-ab0bd66ed95a,c3f791d4-c444-4d82-8fdd-8a775a6777f3,2024-12-23,47
c9e337d2-7666-4164-aff1-bcddd847676f,3f72fbb0-1d46-4847-b4b0-dd9d4003b605,2024-12-18,93
f54307b1-0d39-47a1-9356-c79bfea26c4a,78047c59-fef7-4a91-b3fd-8866184cf5ba,2024-06-22,73
9be89a7f-8d85-4fe6-bd7d-b6e23c4dd8a6,81b8a873-e811-4db2-9d78-e7f40bd6804b,2025-02-10,22
ee056d65-f29e-470d-b739-5090e7d34642,a3796553-8c2d-4e05-8531-df918efe5e38,2024-03-27,34
c9e337d2-7666-4164-aff1-bcddd847676f,44ce6c58-1498-4557-8366-a92e3b43af0f,2024-08-01,33
dd0d8fbb-93db-4f5b-8930-63fd6ccc4cc5,2a23efd8-cf6c-40cb-bb72-1143b9b5b528,2024-11-02,75
dd0d8fbb-93db-4f5b-8930-63fd6ccc4cc5,18a89cc8-1e4a-451d-a10d-11cff4002155,2024-07-08,62
22a3074e-4e94-4c3d-8603-6939d9698425,3f72fbb0-1d46-4847-b4b0-dd9d4003b605,2024-07-31,93
f5d27c14-eeab-4e38-b9f9-d2014c13e668,3d69f6bf-32b9-4532-a1ca-29f0dd55167f,2024-04-01,38
8473716e-d062-425b-9711-871d72c626c8,3f72fbb0-1d46-4847-b4b0-dd9d4003b605,2024-03-08,54
c2029c11-fe14-4f46-9a8f-f552f0a36421,debba96f-4b4b-4195-96c8-656473d35ee0,2024-12-03,101
ce4cfcab-3fe6-45bf-a645-e2168a711c27,a11de8d5-6619-4122-8a5d-e8475021c1c1,2025-02-01,97
afd424c5-2948-4af1-b6e4-27661c2cc341,bf9d461a-7808-4293-995b-6543f43be95b,2024-04-24,51
a9675097-ca1c-49e7-8241-47c1c37c81b6,e15fb567-29ff-48db-ae03-13cec8b73d0f,2024-04-12,39
f54307b1-0d39-47a1-9356-c79bfea26c4a,9fd676c6-d8cc-4dd8-84c8-ad95c978fba0,2024-04-27,39
c9e337d2-7666-4164-aff1-bcddd847676f,9fd676c6-d8cc-4dd8-84c8-ad95c978fba0,2025-02-05,50
7a65db9a-42e5-468c-b210-a5263526ca5d,3ea51017-e1c2-42fe-beb3-8d67b6daccbf,2025-01-08,92
d8c04c02-bbe5-489f-b7bf-c2b1ddacca50,81b8a873-e811-4db2-9d78-e7f40bd6804b,2025-01-22,64
9be89a7f-8d85-4fe6-bd7d-b6e23c4dd8a6,78047c59-fef7-4a91-b3fd-8866184cf5ba,2024-05-09,66
7a65db9a-42e5-468c-b210-a5263526ca5d,18a89cc8-1e4a-451d-a10d-11cff4002155,2025-01-10,80
7a65db9a-42e5-468c-b210-a5263526ca5d,2a23efd8-cf6c-40cb-bb72-1143b9b5b528,2024-07-02,91
dd0d8fbb-93db-4f5b-8930-63fd6ccc4cc5,e15fb567-29ff-48db-ae03-13cec8b73d0f,2024-08-16,33
cf923401-a395-4475-a8d7-32cec74cafe2,81b8a873-e811-4db2-9d78-e7f40bd6804b,2024-03-23,31
e287abf5-397d-48b4-a005-98d00dc81e79,3ea51017-e1c2-42fe-beb3-8d67b6daccbf,2024-10-14,82
cf923401-a395-4475-a8d7-32cec74cafe2,3f72fbb0-1d46-4847-b4b0-dd9d4003b605,2024-03-18,83
c9e337d2-7666-4164-aff1-bcddd847676f,debba96f-4b4b-4195-96c8-656473d35ee0,2024-06-05,32
8473716e-d062-425b-9711-871d72c626c8,e15fb567-29ff-48db-ae03-13cec8b73d0f,2025-02-22,29
c2029c11-fe14-4f46-9a8f-f552f0a36421,6cbc20e0-1d58-47c3-b2f1-488b7a8811fe,2024-06-23,93
c7d23781-4043-4898-a0ce-a904f49e2eb1,a11de8d5-6619-4122-8a5d-e8475021c1c1,2024-10-22,92
dd0d8fbb-93db-4f5b-8930-63fd6ccc4cc5,a3796553-8c2d-4e05-8531-df918efe5e38,2024-08-27,94
9be89a7f-8d85-4fe6-bd7d-b6e23c4dd8a6,df812a39-2dbe-40ba-bf84-91b061dc6a5f,2024-05-17,55
dd0d8fbb-93db-4f5b-8930-63fd6ccc4cc5,07631f77-189f-45d8-b3b1-eab9912a2ee0,2024-11-10,52
864c456c-2efc-429a-9e58-7c849a471036,b2c860dc-4003-49af-b5b0-ae710ce8f750,2024-07-10,76
a9675097-ca1c-49e7-8241-47c1c37c81b6,2a23efd8-cf6c-40cb-bb72-1143b9b5b528,2024-10-15,68
ee056d65-f29e-470d-b739-5090e7d34642,dec3917e-e585-458f-b0c2-a9c3c1a69470,2024-03-11,48
c2029c11-fe14-4f46-9a8f-f552f0a36421,661b3552-91a4-4dea-ba75-e95cba796d29,2024-03-24,33
e147fec4-d6d6-4fba-93ed-fd277011f1e7,e15fb567-29ff-48db-ae03-13cec8b73d0f,2025-01-21,97
dd09d6d5-8d02-4863-b3a5-9a86b72c20a4,3d69f6bf-32b9-4532-a1ca-29f0dd55167f,2024-09-22,42
8473716e-d062-425b-9711-871d72c626c8,9fd676c6-d8cc-4dd8-84c8-ad95c978fba0,2024-09-18,98
b8e320a1-dee5-4b37-bbba-2b29526645cc,b10a6784-2b82-4322-bd82-8aecaead8f2f,2024-04-08,42
22a3074e-4e94-4c3d-8603-6939d9698425,df812a39-2dbe-40ba-bf84-91b061dc6a5f,2024-07-09,16
22a3074e-4e94-4c3d-8603-6939d9698425,e4840df4-b8e5-4df1-9e7d-19b66f26b35b,2024-12-22,22
dd0d8fbb-93db-4f5b-8930-63fd6ccc4cc5,b2c860dc-4003-49af-b5b0-ae710ce8f750,2025-01-10,98
7a9f4b71-dbe6-4d99-8ef9-58a52cf197b1,0ff180f7-20f7-4b8d-a203-e8f04b92c5ea,2025-02-21,39
c7d23781-4043-4898-a0ce-a904f49e2eb1,921aa0ab-43cd-464f-b830-3e245e1db9bb,2025-01-20,98
c9e337d2-7666-4164-aff1-bcddd847676f,2078dab5-cf32-4026-8ccd-b0ab7221f781,2025-01-15,68
ce4cfcab-3fe6-45bf-a645-e2168a711c27,c0f376fa-17da-4ddf-932f-4773fbfd1445,2025-02-06,23
55708de2-653a-4c0a-b610-d27cd6811eaa,c266d26a-34fd-4621-acf9-a38df18ecb90,2024-03-23,36
55708de2-653a-4c0a-b610-d27cd6811eaa,ce9c34f1-46a7-48ac-9776-9307e4f3f266,2024-10-29,83
f9707bf6-bc5f-4aa4-a274-85e9f74aa2f6,cd5bce0a-ffa9-4424-87e4-00c3257a5131,2024-07-24,97
dd0d8fbb-93db-4f5b-8930-63fd6ccc4cc5,921aa0ab-43cd-464f-b830-3e245e1db9bb,2025-02-28,65
22a3074e-4e94-4c3d-8603-6939d9698425,a11de8d5-6619-4122-8a5d-e8475021c1c1,2024-12-15,48
8473716e-d062-425b-9711-871d72c626c8,661b3552-91a4-4dea-ba75-e95cba796d29,2024-08-19,81
dd09d6d5-8d02-4863-b3a5-9a86b72c20a4,0ff180f7-20f7-4b8d-a203-e8f04b92c5ea,2024-05-05,88
a9675097-ca1c-49e7-8241-47c1c37c81b6,e4840df4-b8e5-4df1-9e7d-19b66f26b35b,2024-09-23,26
1bcb5e38-9cdf-478b-9145-ab0bd66ed95a,3f72fbb0-1d46-4847-b4b0-dd9d4003b605,2024-06-29,52
8473716e-d062-425b-9711-871d72c626c8,b10a6784-2b82-4322-bd82-8aecaead8f2f,2024-12-12,78
7a65db9a-42e5-468c-b210-a5263526ca5d,78047c59-fef7-4a91-b3fd-8866184cf5ba,2024-09-09,20
e287abf5-397d-48b4-a005-98d00dc81e79,5982dedd-5759-4538-b7b0-2cce6b29c6fb,2024-03-23,87
dd0d8fbb-93db-4f5b-8930-63fd6ccc4cc5,a3796553-8c2d-4e05-8531-df918efe5e38,2024-12-22,26
8473716e-d062-425b-9711-871d72c626c8,9fd676c6-d8cc-4dd8-84c8-ad95c978fba0,2024-12-26,69
f54307b1-0d39-47a1-9356-c79bfea26c4a,78047c59-fef7-4a91-b3fd-8866184cf5ba,2024-09-12,29
f54307b1-0d39-47a1-9356-c79bfea26c4a,0ff180f7-20f7-4b8d-a203-e8f04b92c5ea,2024-11-18,33
f5d27c14-eeab-4e38-b9f9-d2014c13e668,2a23efd8-cf6c-40cb-bb72-1143b9b5b528,2024-06-24,105
1bcb5e38-9cdf-478b-9145-ab0bd66ed95a,921aa0ab-43cd-464f-b830-3e245e1db9bb,2024-05-20,88
7a65db9a-42e5-468c-b210-a5263526ca5d,3d69f6bf-32b9-4532-a1ca-29f0dd55167f,2024-07-28,72
dd09d6d5-8d02-4863-b3a5-9a86b72c20a4,6cbc20e0-1d58-47c3-b2f1-488b7a8811fe,2024-03-23,85
d8c04c02-bbe5-489f-b7bf-c2b1ddacca50,bf9d461a-7808-4293-995b-6543f43be95b,2024-12-04,23
04adc730-586d-42f7-a9b2-a15883291595,44ce6c58-1498-4557-8366-a92e3b43af0f,2024-03-17,86
c9e337d2-7666-4164-aff1-bcddd847676f,5982dedd-5759-4538-b7b0-2cce6b29c6fb,2025-01-01,47
e287abf5-397d-48b4-a005-98d00dc81e79,004442b9-ff1e-4cfd-a3a8-a7df7726a1be,2024-10-25,102
ee056d65-f29e-470d-b739-5090e7d34642,e4840df4-b8e5-4df1-9e7d-19b66f26b35b,2025-01-26,90
c9e337d2-7666-4164-aff1-bcddd847676f,debba96f-4b4b-4195-96c8-656473d35ee0,2024-10-28,70
c9e337d2-7666-4164-aff1-bcddd847676f,3ea51017-e1c2-42fe-beb3-8d67b6daccbf,2025-01-03,92
ee056d65-f29e-470d-b739-5090e7d34642,c3f791d4-c444-4d82-8fdd-8a775a6777f3,2024-04-27,27
dd09d6d5-8d02-4863-b3a5-9a86b72c20a4,3ea51017-e1c2-42fe-beb3-8d67b6daccbf,2025-02-06,66
a8a564b6-96bd-47ae-a91b-772a18ac5c69,661b3552-91a4-4dea-ba75-e95cba796d29,2024-10-28,60
000f6c50-f9f2-430e-9c4b-5faa4ef1eff4,b10a6784-2b82-4322-bd82-8aecaead8f2f,2024-05-14,18
1bcb5e38-9cdf-478b-9145-ab0bd66ed95a,cd5bce0a-ffa9-4424-87e4-00c3257a5131,2024-08-13,94
a9675097-ca1c-49e7-8241-47c1c37c81b6,004442b9-ff1e-4cfd-a3a8-a7df7726a1be,2024-09-08,78
f5d27c14-eeab-4e38-b9f9-d2014c13e668,3ea51017-e1c2-42fe-beb3-8d67b6daccbf,2024-09-26,55
04adc730-586d-42f7-a9b2-a15883291595,2a23efd8-cf6c-40cb-bb72-1143b9b5b528,2024-03-05,102
dd09d6d5-8d02-4863-b3a5-9a86b72c20a4,2078dab5-cf32-4026-8ccd-b0ab7221f781,2024-04-06,71
55708de2-653a-4c0a-b610-d27cd6811eaa,c0f376fa-17da-4ddf-932f-4773fbfd1445,2024-04-07,27
afd424c5-2948-4af1-b6e4-27661c2cc341,44ce6c58-1498-4557-8366-a92e3b43af0f,2024-08-01,40
1bcb5e38-9cdf-478b-9145-ab0bd66ed95a,e4840df4-b8e5-4df1-9e7d-19b66f26b35b,2024-05-16,23
ce4cfcab-3fe6-45bf-a645-e2168a711c27,b2c860dc-4003-49af-b5b0-ae710ce8f750,2024-05-16,47
dd09d6d5-8d02-4863-b3a5-9a86b72c20a4,44ce6c58-1498-4557-8366-a92e3b43af0f,2024-10-22,19
d8c04c02-bbe5-489f-b7bf-c2b1ddacca50,07631f77-189f-45d8-b3b1-eab9912a2ee0,2024-06-07,27
8473716e-d062-425b-9711-871d72c626c8,78047c59-fef7-4a91-b3fd-8866184cf5ba,2024-09-22,97
864c456c-2efc-429a-9e58-7c849a471036,a3796553-8c2d-4e05-8531-df918efe5e38,2024-07-11,78
dd0d8fbb-93db-4f5b-8930-63fd6ccc4cc5,07631f77-189f-45d8-b3b1-eab9912a2ee0,2024-06-15,105
f9707bf6-bc5f-4aa4-a274-85e9f74aa2f6,df812a39-2dbe-40ba-bf84-91b061dc6a5f,2024-03-29,25
04adc730-586d-42f7-a9b2-a15883291595,a11de8d5-6619-4122-8a5d-e8475021c1c1,2024-05-30,62
22a3074e-4e94-4c3d-8603-6939d9698425,debba96f-4b4b-4195-96c8-656473d35ee0,2024-10-19,54
c2029c11-fe14-4f46-9a8f-f552f0a36421,0ff180f7-20f7-4b8d-a203-e8f04b92c5ea,2024-06-21,28
e147fec4-d6d6-4fba-93ed-fd277011f1e7,3ea51017-e1c2-42fe-beb3-8d67b6daccbf,2024-10-22,37
f9707bf6-bc5f-4aa4-a274-85e9f74aa2f6,9826725b-33c4-4605-b129-9cd175cdd594,2025-02-13,28
1bcb5e38-9cdf-478b-9145-ab0bd66ed95a,9826725b-33c4-4605-b129-9cd175cdd594,2024-06-19,23
dd0d8fbb-93db-4f5b-8930-63fd6ccc4cc5,3f72fbb0-1d46-4847-b4b0-dd9d4003b605,2024-04-25,96
000f6c50-f9f2-430e-9c4b-5faa4ef1eff4,df812a39-2dbe-40ba-bf84-91b061dc6a5f,2025-02-19,25
e0313733-e789-4edd-be4f-16f9bec1d5e5,2a23efd8-cf6c-40cb-bb72-1143b9b5b528,2024-08-11,91
7a65db9a-42e5-468c-b210-a5263526ca5d,3f72fbb0-1d46-4847-b4b0-dd9d4003b605,2025-02-28,17
ee056d65-f29e-470d-b739-5090e7d34642,ce9c34f1-46a7-48ac-9776-9307e4f3f266,2025-01-22,28
ce4cfcab-3fe6-45bf-a645-e2168a711c27,e4840df4-b8e5-4df1-9e7d-19b66f26b35b,2024-08-05,59
dd0d8fbb-93db-4f5b-8930-63fd6ccc4cc5,6cbc20e0-1d58-47c3-b2f1-488b7a8811fe,2024-03-09,37
e0313733-e789-4edd-be4f-16f9bec1d5e5,2a23efd8-cf6c-40cb-bb72-1143b9b5b528,2024-03-25,98
7a9f4b71-dbe6-4d99-8ef9-58a52cf197b1,df812a39-2dbe-40ba-bf84-91b061dc6a5f,2024-07-18,86
e287abf5-397d-48b4-a005-98d00dc81e79,2a23efd8-cf6c-40cb-bb72-1143b9b5b528,2024-03-09,49
1bcb5e38-9cdf-478b-9145-ab0bd66ed95a,dec3917e-e585-458f-b0c2-a9c3c1a69470,2024-07-18,77
9be89a7f-8d85-4fe6-bd7d-b6e23c4dd8a6,a11de8d5-6619-4122-8a5d-e8475021c1c1,2024-08-25,25
04adc730-586d-42f7-a9b2-a15883291595,c3f791d4-c444-4d82-8fdd-8a775a6777f3,2024-06-10,82
dd09d6d5-8d02-4863-b3a5-9a86b72c20a4,b2c860dc-4003-49af-b5b0-ae710ce8f750,2024-07-09,36
04adc730-586d-42f7-a9b2-a15883291595,a3796553-8c2d-4e05-8531-df918efe5e38,2024-09-20,99
ee056d65-f29e-470d-b739-5090e7d34642,a11de8d5-6619-4122-8a5d-e8475021c1c1,2025-02-10,104
dd3c12cf-2b76-46ca-aeb8-c771705ee5f9,2078dab5-cf32-4026-8ccd-b0ab7221f781,2024-06-16,32
22a3074e-4e94-4c3d-8603-6939d9698425,6cbc20e0-1d58-47c3-b2f1-488b7a8811fe,2024-07-06,100
864c456c-2efc-429a-9e58-7c849a471036,dec3917e-e585-458f-b0c2-a9c3c1a69470,2024-08-26,52
9be89a7f-8d85-4fe6-bd7d-b6e23c4dd8a6,ce9c34f1-46a7-48ac-9776-9307e4f3f266,2024-07-25,104
1bcb5e38-9cdf-478b-9145-ab0bd66ed95a,c3f791d4-c444-4d82-8fdd-8a775a6777f3,2024-07-24,86
c2029c11-fe14-4f46-9a8f-f552f0a36421,004442b9-ff1e-4cfd-a3a8-a7df7726a1be,2024-04-04,80
d8c04c02-bbe5-489f-b7bf-c2b1ddacca50,6cbc20e0-1d58-47c3-b2f1-488b7a8811fe,2024-10-29,73
22a3074e-4e94-4c3d-8603-6939d9698425,004442b9-ff1e-4cfd-a3a8-a7df7726a1be,2024-04-02,41
864c456c-2efc-429a-9e58-7c849a471036,c3f791d4-c444-4d82-8fdd-8a775a6777f3,2025-01-06,105
a8a564b6-96bd-47ae-a91b-772a18ac5c69,9f823266-5a03-40a9-b1cf-483a9167468c,2024-05-21,101
dd3c12cf-2b76-46ca-aeb8-c771705ee5f9,921aa0ab-43cd-464f-b830-3e245e1db9bb,2024-08-02,64
d8c04c02-bbe5-489f-b7bf-c2b1ddacca50,e4840df4-b8e5-4df1-9e7d-19b66f26b35b,2024-05-17,27
f5d27c14-eeab-4e38-b9f9-d2014c13e668,3d69f6bf-32b9-4532-a1ca-29f0dd55167f,2024-08-16,70
9be89a7f-8d85-4fe6-bd7d-b6e23c4dd8a6,c0f376fa-17da-4ddf-932f-4773fbfd1445,2024-05-08,53
a8a564b6-96bd-47ae-a91b-772a18ac5c69,004442b9-ff1e-4cfd-a3a8-a7df7726a1be,2025-01-14,81
7a65db9a-42e5-468c-b210-a5263526ca5d,e15fb567-29ff-48db-ae03-13cec8b73d0f,2024-03-26,59
7a9f4b71-dbe6-4d99-8ef9-58a52cf197b1,2a23efd8-cf6c-40cb-bb72-1143b9b5b528,2024-10-15,70
dd09d6d5-8d02-4863-b3a5-9a86b72c20a4,2078dab5-cf32-4026-8ccd-b0ab7221f781,2024-04-12,28
9be89a7f-8d85-4fe6-bd7d-b6e23c4dd8a6,b2c860dc-4003-49af-b5b0-ae710ce8f750,2025-02-01,30
c2029c11-fe14-4f46-9a8f-f552f0a36421,c266d26a-34fd-4621-acf9-a38df18ecb90,2025-02-10,69
1bcb5e38-9cdf-478b-9145-ab0bd66ed95a,3ea51017-e1c2-42fe-beb3-8d67b6daccbf,2024-06-24,23
dd0d8fbb-93db-4f5b-8930-63fd6ccc4cc5,18a89cc8-1e4a-451d-a10d-11cff4002155,2025-02-12,55
9be89a7f-8d85-4fe6-bd7d-b6e23c4dd8a6,dec3917e-e585-458f-b0c2-a9c3c1a69470,2024-09-22,26
d8c04c02-bbe5-489f-b7bf-c2b1ddacca50,2a23efd8-cf6c-40cb-bb72-1143b9b5b528,2024-04-10,55
e147fec4-d6d6-4fba-93ed-fd277011f1e7,3ea51017-e1c2-42fe-beb3-8d67b6daccbf,2024-09-11,105
dd3c12cf-2b76-46ca-aeb8-c771705ee5f9,e15fb567-29ff-48db-ae03-13cec8b73d0f,2024-06-18,25
a9675097-ca1c-49e7-8241-47c1c37c81b6,18a89cc8-1e4a-451d-a10d-11cff4002155,2025-01-05,44
7a65db9a-42e5-468c-b210-a5263526ca5d,b2c860dc-4003-49af-b5b0-ae710ce8f750,2024-09-13,33
000f6c50-f9f2-430e-9c4b-5faa4ef1eff4,661b3552-91a4-4dea-ba75-e95cba796d29,2024-08-29,99
cf923401-a395-4475-a8d7-32cec74cafe2,debba96f-4b4b-4195-96c8-656473d35ee0,2024-07-03,36
afd424c5-2948-4af1-b6e4-27661c2cc341,e4840df4-b8e5-4df1-9e7d-19b66f26b35b,2024-07-21,79
f9707bf6-bc5f-4aa4-a274-85e9f74aa2f6,3ea51017-e1c2-42fe-beb3-8d67b6daccbf,2024-10-09,40
c7d23781-4043-4898-a0ce-a904f49e2eb1,6906693f-6202-4303-aa1a-e9e2fd06e2e7,2024-09-08,87
000f6c50-f9f2-430e-9c4b-5faa4ef1eff4,004442b9-ff1e-4cfd-a3a8-a7df7726a1be,2024-09-13,42
864c456c-2efc-429a-9e58-7c849a471036,5982dedd-5759-4538-b7b0-2cce6b29c6fb,2024-05-23,65
afd424c5-2948-4af1-b6e4-27661c2cc341,9f823266-5a03-40a9-b1cf-483a9167468c,2025-01-21,33
55708de2-653a-4c0a-b610-d27cd6811eaa,661b3552-91a4-4dea-ba75-e95cba796d29,2024-07-11,52
22a3074e-4e94-4c3d-8603-6939d9698425,9f823266-5a03-40a9-b1cf-483a9167468c,2024-06-13,43
dd0d8fbb-93db-4f5b-8930-63fd6ccc4cc5,5982dedd-5759-4538-b7b0-2cce6b29c6fb,2024-12-10,37
000f6c50-f9f2-430e-9c4b-5faa4ef1eff4,6906693f-6202-4303-aa1a-e9e2fd06e2e7,2025-01-04,91
f54307b1-0d39-47a1-9356-c79bfea26c4a,a3796553-8c2d-4e05-8531-df918efe5e38,2024-04-02,22
c7d23781-4043-4898-a0ce-a904f49e2eb1,cd5bce0a-ffa9-4424-87e4-00c3257a5131,2024-08-04,50
f9707bf6-bc5f-4aa4-a274-85e9f74aa2f6,c3f791d4-c444-4d82-8fdd-8a775a6777f3,2024-03-12,80
e147fec4-d6d6-4fba-93ed-fd277011f1e7,c3f791d4-c444-4d82-8fdd-8a775a6777f3,2024-12-12,43
f9707bf6-bc5f-4aa4-a274-85e9f74aa2f6,e4840df4-b8e5-4df1-9e7d-19b66f26b35b,2024-10-05,45
7a9f4b71-dbe6-4d99-8ef9-58a52cf197b1,921aa0ab-43cd-464f-b830-3e245e1db9bb,2024-09-01,80
864c456c-2efc-429a-9e58-7c849a471036,e15fb567-29ff-48db-ae03-13cec8b73d0f,2024-12-13,37
c2029c11-fe14-4f46-9a8f-f552f0a36421,df812a39-2dbe-40ba-bf84-91b061dc6a5f,2024-12-28,81
22a3074e-4e94-4c3d-8603-6939d9698425,3ea51017-e1c2-42fe-beb3-8d67b6daccbf,2024-09-30,19
8473716e-d062-425b-9711-871d72c626c8,df812a39-2dbe-40ba-bf84-91b061dc6a5f,2025-01-12,77
dd09d6d5-8d02-4863-b3a5-9a86b72c20a4,2a23efd8-cf6c-40cb-bb72-1143b9b5b528,2024-10-14,41
dd3c12cf-2b76-46ca-aeb8-c771705ee5f9,6cbc20e0-1d58-47c3-b2f1-488b7a8811fe,2025-01-10,69
7a9f4b71-dbe6-4d99-8ef9-58a52cf197b1,debba96f-4b4b-4195-96c8-656473d35ee0,2024-11-10,35
7a65db9a-42e5-468c-b210-a5263526ca5d,44ce6c58-1498-4557-8366-a92e3b43af0f,2024-05-17,53
b8e320a1-dee5-4b37-bbba-2b29526645cc,dec3917e-e585-458f-b0c2-a9c3c1a69470,2025-02-07,37
9be89a7f-8d85-4fe6-bd7d-b6e23c4dd8a6,c3f791d4-c444-4d82-8fdd-8a775a6777f3,2024-11-30,53
dd09d6d5-8d02-4863-b3a5-9a86b72c20a4,bf9d461a-7808-4293-995b-6543f43be95b,2024-08-08,79
864c456c-2efc-429a-9e58-7c849a471036,91604482-9082-49eb-9836-609eb40a66a8,2024-06-17,46
cf923401-a395-4475-a8d7-32cec74cafe2,bf9d461a-7808-4293-995b-6543f43be95b,2024-09-18,103
22a3074e-4e94-4c3d-8603-6939d9698425,bf9d461a-7808-4293-995b-6543f43be95b,2024-04-16,72
c2029c11-fe14-4f46-9a8f-f552f0a36421,a11de8d5-6619-4122-8a5d-e8475021c1c1,2024-04-16,80
afd424c5-2948-4af1-b6e4-27661c2cc341,3d69f6bf-32b9-4532-a1ca-29f0dd55167f,2025-01-08,63
f5d27c14-eeab-4e38-b9f9-d2014c13e668,2078dab5-cf32-4026-8ccd-b0ab7221f781,2024-10-29,98
04adc730-586d-42f7-a9b2-a15883291595,3d69f6bf-32b9-4532-a1ca-29f0dd55167f,2024-11-10,35
f5d27c14-eeab-4e38-b9f9-d2014c13e668,c3f791d4-c444-4d82-8fdd-8a775a6777f3,2024-10-06,19
dd3c12cf-2b76-46ca-aeb8-c771705ee5f9,9fd676c6-d8cc-4dd8-84c8-ad95c978fba0,2024-08-07,25
7a65db9a-42e5-468c-b210-a5263526ca5d,e4840df4-b8e5-4df1-9e7d-19b66f26b35b,2025-02-24,73
7a9f4b71-dbe6-4d99-8ef9-58a52cf197b1,a11de8d5-6619-4122-8a5d-e8475021c1c1,2024-06-26,45
7a65db9a-42e5-468c-b210-a5263526ca5d,df812a39-2dbe-40ba-bf84-91b061dc6a5f,2025-01-18,53
dd09d6d5-8d02-4863-b3a5-9a86b72c20a4,6906693f-6202-4303-aa1a-e9e2fd06e2e7,2024-09-19,78
55708de2-653a-4c0a-b610-d27cd6811eaa,661b3552-91a4-4dea-ba75-e95cba796d29,2024-03-04,22
afd424c5-2948-4af1-b6e4-27661c2cc341,dec3917e-e585-458f-b0c2-a9c3c1a69470,2024-07-22,75
9be89a7f-8d85-4fe6-bd7d-b6e23c4dd8a6,b10a6784-2b82-4322-bd82-8aecaead8f2f,2024-03-06,98
b8e320a1-dee5-4b37-bbba-2b29526645cc,c266d26a-34fd-4621-acf9-a38df18ecb90,2024-04-13,26
7a65db9a-42e5-468c-b210-a5263526ca5d,5982dedd-5759-4538-b7b0-2cce6b29c6fb,2024-08-03,67
dd0d8fbb-93db-4f5b-8930-63fd6ccc4cc5,a11de8d5-6619-4122-8a5d-e8475021c1c1,2024-06-21,21
9be89a7f-8d85-4fe6-bd7d-b6e23c4dd8a6,004442b9-ff1e-4cfd-a3a8-a7df7726a1be,2024-11-29,88
864c456c-2efc-429a-9e58-7c849a471036,07631f77-189f-45d8-b3b1-eab9912a2ee0,2024-12-19,15
a9675097-ca1c-49e7-8241-47c1c37c81b6,07631f77-189f-45d8-b3b1-eab9912a2ee0,2024-07-06,81
e147fec4-d6d6-4fba-93ed-fd277011f1e7,cd5bce0a-ffa9-4424-87e4-00c3257a5131,2024-11-04,98
e147fec4-d6d6-4fba-93ed-fd277011f1e7,91604482-9082-49eb-9836-609eb40a66a8,2024-12-28,58
afd424c5-2948-4af1-b6e4-27661c2cc341,9f823266-5a03-40a9-b1cf-483a9167468c,2024-05-28,93
e0313733-e789-4edd-be4f-16f9bec1d5e5,cd5bce0a-ffa9-4424-87e4-00c3257a5131,2024-06-10,103
dd09d6d5-8d02-4863-b3a5-9a86b72c20a4,df812a39-2dbe-40ba-bf84-91b061dc6a5f,2024-10-26,64
a8a564b6-96bd-47ae-a91b-772a18ac5c69,b10a6784-2b82-4322-bd82-8aecaead8f2f,2024-04-24,58
8473716e-d062-425b-9711-871d72c626c8,b2c860dc-4003-49af-b5b0-ae710ce8f750,2024-07-15,21
d8c04c02-bbe5-489f-b7bf-c2b1ddacca50,3f72fbb0-1d46-4847-b4b0-dd9d4003b605,2025-01-06,51
d8c04c02-bbe5-489f-b7bf-c2b1ddacca50,9fd676c6-d8cc-4dd8-84c8-ad95c978fba0,2024-06-07,23
864c456c-2efc-429a-9e58-7c849a471036,3ea51017-e1c2-42fe-beb3-8d67b6daccbf,2024-04-04,29
e0313733-e789-4edd-be4f-16f9bec1d5e5,78047c59-fef7-4a91-b3fd-8866184cf5ba,2024-08-21,84
e147fec4-d6d6-4fba-93ed-fd277011f1e7,b10a6784-2b82-4322-bd82-8aecaead8f2f,2024-09-23,70
e287abf5-397d-48b4-a005-98d00dc81e79,cd5bce0a-ffa9-4424-87e4-00c3257a5131,2025-02-17,71
e147fec4-d6d6-4fba-93ed-fd277011f1e7,b2c860dc-4003-49af-b5b0-ae710ce8f750,2024-05-13,38
55708de2-653a-4c0a-b610-d27cd6811eaa,5982dedd-5759-4538-b7b0-2cce6b29c6fb,2024-11-14,44
f9707bf6-bc5f-4aa4-a274-85e9f74aa2f6,3ea51017-e1c2-42fe-beb3-8d67b6daccbf,2024-03-11,49
1bcb5e38-9cdf-478b-9145-ab0bd66ed95a,004442b9-ff1e-4cfd-a3a8-a7df7726a1be,2024-12-10,60
cf923401-a395-4475-a8d7-32cec74cafe2,9fd676c6-d8cc-4dd8-84c8-ad95c978fba0,2024-03-03,23
55708de2-653a-4c0a-b610-d27cd6811eaa,5982dedd-5759-4538-b7b0-2cce6b29c6fb,2024-05-23,80
c9e337d2-7666-4164-aff1-bcddd847676f,debba96f-4b4b-4195-96c8-656473d35ee0,2024-05-02,93
04adc730-586d-42f7-a9b2-a15883291595,e4840df4-b8e5-4df1-9e7d-19b66f26b35b,2024-04-17,22
dd0d8fbb-93db-4f5b-8930-63fd6ccc4cc5,6cbc20e0-1d58-47c3-b2f1-488b7a8811fe,2024-03-25,91
e0313733-e789-4edd-be4f-16f9bec1d5e5,debba96f-4b4b-4195-96c8-656473d35ee0,2024-03-02,35
d8c04c02-bbe5-489f-b7bf-c2b1ddacca50,e15fb567-29ff-48db-ae03-13cec8b73d0f,2024-12-06,42
dd09d6d5-8d02-4863-b3a5-9a86b72c20a4,b2c860dc-4003-49af-b5b0-ae710ce8f750,2024-12-07,82
7a65db9a-42e5-468c-b210-a5263526ca5d,9826725b-33c4-4605-b129-9cd175cdd594,2024-10-06,65
dd3c12cf-2b76-46ca-aeb8-c771705ee5f9,e4840df4-b8e5-4df1-9e7d-19b66f26b35b,2024-07-01,96
f5d27c14-eeab-4e38-b9f9-d2014c13e668,ce9c34f1-46a7-48ac-9776-9307e4f3f266,2024-12-15,99
000f6c50-f9f2-430e-9c4b-5faa4ef1eff4,e4840df4-b8e5-4df1-9e7d-19b66f26b35b,2024-07-25,71
000f6c50-f9f2-430e-9c4b-5faa4ef1eff4,b10a6784-2b82-4322-bd82-8aecaead8f2f,2024-03-07,92
55708de2-653a-4c0a-b610-d27cd6811eaa,e4840df4-b8e5-4df1-9e7d-19b66f26b35b,2024-06-09,45
e287abf5-397d-48b4-a005-98d00dc81e79,91604482-9082-49eb-9836-609eb40a66a8,2024-10-22,42
b8e320a1-dee5-4b37-bbba-2b29526645cc,df812a39-2dbe-40ba-bf84-91b061dc6a5f,2024-10-01,72
55708de2-653a-4c0a-b610-d27cd6811eaa,18a89cc8-1e4a-451d-a10d-11cff4002155,2024-03-24,86
22a3074e-4e94-4c3d-8603-6939d9698425,91604482-9082-49eb-9836-609eb40a66a8,2024-09-13,77
8473716e-d062-425b-9711-871d72c626c8,78047c59-fef7-4a91-b3fd-8866184cf5ba,2024-03-24,47
7a9f4b71-dbe6-4d99-8ef9-58a52cf197b1,661b3552-91a4-4dea-ba75-e95cba796d29,2024-12-08,55
9be89a7f-8d85-4fe6-bd7d-b6e23c4dd8a6,c3f791d4-c444-4d82-8fdd-8a775a6777f3,2024-05-27,87
7a9f4b71-dbe6-4d99-8ef9-58a52cf197b1,78047c59-fef7-4a91-b3fd-8866184cf5ba,2024-07-23,100
04adc730-586d-42f7-a9b2-a15883291595,18a89cc8-1e4a-451d-a10d-11cff4002155,2024-12-18,18
1bcb5e38-9cdf-478b-9145-ab0bd66ed95a,9f823266-5a03-40a9-b1cf-483a9167468c,2024-04-26,63
1bcb5e38-9cdf-478b-9145-ab0bd66ed95a,18a89cc8-1e4a-451d-a10d-11cff4002155,2025-01-28,19
e0313733-e789-4edd-be4f-16f9bec1d5e5,2078dab5-cf32-4026-8ccd-b0ab7221f781,2024-10-05,81
afd424c5-2948-4af1-b6e4-27661c2cc341,9826725b-33c4-4605-b129-9cd175cdd594,2024-11-28,24
a9675097-ca1c-49e7-8241-47c1c37c81b6,2a23efd8-cf6c-40cb-bb72-1143b9b5b528,2024-10-25,50
e287abf5-397d-48b4-a005-98d00dc81e79,3d69f6bf-32b9-4532-a1ca-29f0dd55167f,2024-07-05,75
dd0d8fbb-93db-4f5b-8930-63fd6ccc4cc5,07631f77-189f-45d8-b3b1-eab9912a2ee0,2024-03-04,62
a9675097-ca1c-49e7-8241-47c1c37c81b6,df812a39-2dbe-40ba-bf84-91b061dc6a5f,2024-06-02,32
e287abf5-397d-48b4-a005-98d00dc81e79,df812a39-2dbe-40ba-bf84-91b061dc6a5f,2024-11-17,20
e0313733-e789-4edd-be4f-16f9bec1d5e5,0ff180f7-20f7-4b8d-a203-e8f04b92c5ea,2024-03-27,79
dd09d6d5-8d02-4863-b3a5-9a86b72c20a4,921aa0ab-43cd-464f-b830-3e245e1db9bb,2024-08-07,30
cf923401-a395-4475-a8d7-32cec74cafe2,e15fb567-29ff-48db-ae03-13cec8b73d0f,2024-07-17,95
a8a564b6-96bd-47ae-a91b-772a18ac5c69,b2c860dc-4003-49af-b5b0-ae710ce8f750,2025-01-11,15
dd3c12cf-2b76-46ca-aeb8-c771705ee5f9,c266d26a-34fd-4621-acf9-a38df18ecb90,2024-05-29,76
f9707bf6-bc5f-4aa4-a274-85e9f74aa2f6,78047c59-fef7-4a91-b3fd-8866184cf5ba,2024-09-15,100
55708de2-653a-4c0a-b610-d27cd6811eaa,78047c59-fef7-4a91-b3fd-8866184cf5ba,2024-03-23,73
b8e320a1-dee5-4b37-bbba-2b29526645cc,5982dedd-5759-4538-b7b0-2cce6b29c6fb,2024-06-06,57
cf923401-a395-4475-a8d7-32cec74cafe2,0ff180f7-20f7-4b8d-a203-e8f04b92c5ea,2024-04-05,99
dd0d8fbb-93db-4f5b-8930-63fd6ccc4cc5,c0f376fa-17da-4ddf-932f-4773fbfd1445,2024-08-20,49
d8c04c02-bbe5-489f-b7bf-c2b1ddacca50,6906693f-6202-4303-aa1a-e9e2fd06e2e7,2024-09-19,25
1bcb5e38-9cdf-478b-9145-ab0bd66ed95a,a3796553-8c2d-4e05-8531-df918efe5e38,2024-07-20,31
f5d27c14-eeab-4e38-b9f9-d2014c13e668,a3796553-8c2d-4e05-8531-df918efe5e38,2024-08-21,53
1bcb5e38-9cdf-478b-9145-ab0bd66ed95a,e4840df4-b8e5-4df1-9e7d-19b66f26b35b,2024-07-07,103
d8c04c02-bbe5-489f-b7bf-c2b1ddacca50,a3796553-8c2d-4e05-8531-df918efe5e38,2024-10-24,23
c9e337d2-7666-4164-aff1-bcddd847676f,b2c860dc-4003-49af-b5b0-ae710ce8f750,2024-09-22,56
d8c04c02-bbe5-489f-b7bf-c2b1ddacca50,2078dab5-cf32-4026-8ccd-b0ab7221f781,2025-01-11,24
ce4cfcab-3fe6-45bf-a645-e2168a711c27,6906693f-6202-4303-aa1a-e9e2fd06e2e7,2024-12-02,64
c2029c11-fe14-4f46-9a8f-f552f0a36421,9fd676c6-d8cc-4dd8-84c8-ad95c978fba0,2024-09-17,73
8473716e-d062-425b-9711-871d72c626c8,3d69f6bf-32b9-4532-a1ca-29f0dd55167f,2024-05-12,50
f9707bf6-bc5f-4aa4-a274-85e9f74aa2f6,c266d26a-34fd-4621-acf9-a38df18ecb90,2024-11-23,15
dd0d8fbb-93db-4f5b-8930-63fd6ccc4cc5,2a23efd8-cf6c-40cb-bb72-1143b9b5b528,2024-07-29,36
c9e337d2-7666-4164-aff1-bcddd847676f,e15fb567-29ff-48db-ae03-13cec8b73d0f,2024-10-20,64
dd09d6d5-8d02-4863-b3a5-9a86b72c20a4,e15fb567-29ff-48db-ae03-13cec8b73d0f,2025-02-21,24
9be89a7f-8d85-4fe6-bd7d-b6e23c4dd8a6,44ce6c58-1498-4557-8366-a92e3b43af0f,2024-10-29,68
7a9f4b71-dbe6-4d99-8ef9-58a52cf197b1,b2c860dc-4003-49af-b5b0-ae710ce8f750,2024-08-20,90
afd424c5-2948-4af1-b6e4-27661c2cc341,6cbc20e0-1d58-47c3-b2f1-488b7a8811fe,2024-10-28,45
55708de2-653a-4c0a-b610-d27cd6811eaa,9fd676c6-d8cc-4dd8-84c8-ad95c978fba0,2024-09-09,17
f9707bf6-bc5f-4aa4-a274-85e9f74aa2f6,3d69f6bf-32b9-4532-a1ca-29f0dd55167f,2024-04-15,65
f54307b1-0d39-47a1-9356-c79bfea26c4a,07631f77-189f-45d8-b3b1-eab9912a2ee0,2025-01-08,58
e287abf5-397d-48b4-a005-98d00dc81e79,a11de8d5-6619-4122-8a5d-e8475021c1c1,2024-03-22,59
d8c04c02-bbe5-489f-b7bf-c2b1ddacca50,78047c59-fef7-4a91-b3fd-8866184cf5ba,2024-05-23,41
22a3074e-4e94-4c3d-8603-6939d9698425,07631f77-189f-45d8-b3b1-eab9912a2ee0,2024-03-08,84
ce4cfcab-3fe6-45bf-a645-e2168a711c27,c0f376fa-17da-4ddf-932f-4773fbfd1445,2024-12-24,98
c2029c11-fe14-4f46-9a8f-f552f0a36421,a11de8d5-6619-4122-8a5d-e8475021c1c1,2024-10-12,48
f5d27c14-eeab-4e38-b9f9-d2014c13e668,5982dedd-5759-4538-b7b0-2cce6b29c6fb,2024-03-16,79
dd09d6d5-8d02-4863-b3a5-9a86b72c20a4,921aa0ab-43cd-464f-b830-3e245e1db9bb,2024-05-21,18
d8c04c02-bbe5-489f-b7bf-c2b1ddacca50,c266d26a-34fd-4621-acf9-a38df18ecb90,2024-12-08,80
e287abf5-397d-48b4-a005-98d00dc81e79,df812a39-2dbe-40ba-bf84-91b061dc6a5f,2024-08-31,67
22a3074e-4e94-4c3d-8603-6939d9698425,e4840df4-b8e5-4df1-9e7d-19b66f26b35b,2024-07-17,54
000f6c50-f9f2-430e-9c4b-5faa4ef1eff4,44ce6c58-1498-4557-8366-a92e3b43af0f,2025-01-09,96
d8c04c02-bbe5-489f-b7bf-c2b1ddacca50,9f823266-5a03-40a9-b1cf-483a9167468c,2024-04-18,100
8473716e-d062-425b-9711-871d72c626c8,c3f791d4-c444-4d82-8fdd-8a775a6777f3,2024-07-21,39
8473716e-d062-425b-9711-871d72c626c8,2078dab5-cf32-4026-8ccd-b0ab7221f781,2024-05-09,16
f9707bf6-bc5f-4aa4-a274-85e9f74aa2f6,cd5bce0a-ffa9-4424-87e4-00c3257a5131,2024-04-29,18
f54307b1-0d39-47a1-9356-c79bfea26c4a,bf9d461a-7808-4293-995b-6543f43be95b,2024-09-21,79
ee056d65-f29e-470d-b739-5090e7d34642,6906693f-6202-4303-aa1a-e9e2fd06e2e7,2024-05-31,93
d8c04c02-bbe5-489f-b7bf-c2b1ddacca50,c0f376fa-17da-4ddf-932f-4773fbfd1445,2024-11-08,33
7a65db9a-42e5-468c-b210-a5263526ca5d,c3f791d4-c444-4d82-8fdd-8a775a6777f3,2024-04-27,95
ee056d65-f29e-470d-b739-5090e7d34642,78047c59-fef7-4a91-b3fd-8866184cf5ba,2024-10-28,85
dd0d8fbb-93db-4f5b-8930-63fd6ccc4cc5,3ea51017-e1c2-42fe-beb3-8d67b6daccbf,2024-06-03,66
f9707bf6-bc5f-4aa4-a274-85e9f74aa2f6,2a23efd8-cf6c-40cb-bb72-1143b9b5b528,2024-05-27,74
c2029c11-fe14-4f46-9a8f-f552f0a36421,ce9c34f1-46a7-48ac-9776-9307e4f3f266,2024-03-06,52
22a3074e-4e94-4c3d-8603-6939d9698425,3f72fbb0-1d46-4847-b4b0-dd9d4003b605,2024-08-28,105
04adc730-586d-42f7-a9b2-a15883291595,e4840df4-b8e5-4df1-9e7d-19b66f26b35b,2024-03-31,33
afd424c5-2948-4af1-b6e4-27661c2cc341,e15fb567-29ff-48db-ae03-13cec8b73d0f,2025-01-18,55
f54307b1-0d39-47a1-9356-c79bfea26c4a,9f823266-5a03-40a9-b1cf-483a9167468c,2024-05-14,29
f9707bf6-bc5f-4aa4-a274-85e9f74aa2f6,ce9c34f1-46a7-48ac-9776-9307e4f3f266,2025-02-23,73
55708de2-653a-4c0a-b610-d27cd6811eaa,6906693f-6202-4303-aa1a-e9e2fd06e2e7,2025-02-11,36
ee056d65-f29e-470d-b739-5090e7d34642,dec3917e-e585-458f-b0c2-a9c3c1a69470,2024-07-31,67
ce4cfcab-3fe6-45bf-a645-e2168a711c27,9f823266-5a03-40a9-b1cf-483a9167468c,2024-05-03,29
04adc730-586d-42f7-a9b2-a15883291595,9f823266-5a03-40a9-b1cf-483a9167468c,2024-11-30,44
f54307b1-0d39-47a1-9356-c79bfea26c4a,a3796553-8c2d-4e05-8531-df918efe5e38,2024-11-05,63
ce4cfcab-3fe6-45bf-a645-e2168a711c27,3d69f6bf-32b9-4532-a1ca-29f0dd55167f,2025-02-26,93
dd0d8fbb-93db-4f5b-8930-63fd6ccc4cc5,e15fb567-29ff-48db-ae03-13cec8b73d0f,2024-06-14,19
f5d27c14-eeab-4e38-b9f9-d2014c13e668,3d69f6bf-32b9-4532-a1ca-29f0dd55167f,2024-05-30,66
04adc730-586d-42f7-a9b2-a15883291595,debba96f-4b4b-4195-96c8-656473d35ee0,2024-06-26,96
dd0d8fbb-93db-4f5b-8930-63fd6ccc4cc5,3d69f6bf-32b9-4532-a1ca-29f0dd55167f,2024-07-01,72
e147fec4-d6d6-4fba-93ed-fd277011f1e7,07631f77-189f-45d8-b3b1-eab9912a2ee0,2024-08-05,19
cf923401-a395-4475-a8d7-32cec74cafe2,bf9d461a-7808-4293-995b-6543f43be95b,2025-01-28,51
f5d27c14-eeab-4e38-b9f9-d2014c13e668,6cbc20e0-1d58-47c3-b2f1-488b7a8811fe,2025-01-28,79
22a3074e-4e94-4c3d-8603-6939d9698425,921aa0ab-43cd-464f-b830-3e245e1db9bb,2024-08-24,46
e147fec4-d6d6-4fba-93ed-fd277011f1e7,a3796553-8c2d-4e05-8531-df918efe5e38,2024-05-15,101
7a9f4b71-dbe6-4d99-8ef9-58a52cf197b1,c0f376fa-17da-4ddf-932f-4773fbfd1445,2024-11-15,80
dd3c12cf-2b76-46ca-aeb8-c771705ee5f9,c3f791d4-c444-4d82-8fdd-8a775a6777f3,2024-04-13,35
a8a564b6-96bd-47ae-a91b-772a18ac5c69,9fd676c6-d8cc-4dd8-84c8-ad95c978fba0,2024-06-19,103
8473716e-d062-425b-9711-871d72c626c8,18a89cc8-1e4a-451d-a10d-11cff4002155,2024-10-29,20
b8e320a1-dee5-4b37-bbba-2b29526645cc,9826725b-33c4-4605-b129-9cd175cdd594,2025-02-03,76
8473716e-d062-425b-9711-871d72c626c8,921aa0ab-43cd-464f-b830-3e245e1db9bb,2024-08-21,40
55708de2-653a-4c0a-b610-d27cd6811eaa,dec3917e-e585-458f-b0c2-a9c3c1a69470,2025-01-07,53
c9e337d2-7666-4164-aff1-bcddd847676f,91604482-9082-49eb-9836-609eb40a66a8,2024-06-18,84
c2029c11-fe14-4f46-9a8f-f552f0a36421,9fd676c6-d8cc-4dd8-84c8-ad95c978fba0,2024-07-25,84
f5d27c14-eeab-4e38-b9f9-d2014c13e668,ce9c34f1-46a7-48ac-9776-9307e4f3f266,2025-02-17,53
c9e337d2-7666-4164-aff1-bcddd847676f,3d69f6bf-32b9-4532-a1ca-29f0dd55167f,2025-01-29,34
f5d27c14-eeab-4e38-b9f9-d2014c13e668,6906693f-6202-4303-aa1a-e9e2fd06e2e7,2024-08-23,80
864c456c-2efc-429a-9e58-7c849a471036,9fd676c6-d8cc-4dd8-84c8-ad95c978fba0,2024-11-21,75
d8c04c02-bbe5-489f-b7bf-c2b1ddacca50,0ff180f7-20f7-4b8d-a203-e8f04b92c5ea,2024-12-01,93
7a65db9a-42e5-468c-b210-a5263526ca5d,6906693f-6202-4303-aa1a-e9e2fd06e2e7,2024-05-16,68
c2029c11-fe14-4f46-9a8f-f552f0a36421,5982dedd-5759-4538-b7b0-2cce6b29c6fb,2025-01-21,47
dd0d8fbb-93db-4f5b-8930-63fd6ccc4cc5,e15fb567-29ff-48db-ae03-13cec8b73d0f,2024-10-18,23
dd3c12cf-2b76-46ca-aeb8-c771705ee5f9,0ff180f7-20f7-4b8d-a203-e8f04b92c5ea,2025-02-24,81
8473716e-d062-425b-9711-871d72c626c8,3d69f6bf-32b9-4532-a1ca-29f0dd55167f,2024-12-21,33
c2029c11-fe14-4f46-9a8f-f552f0a36421,debba96f-4b4b-4195-96c8-656473d35ee0,2024-07-30,98
1bcb5e38-9cdf-478b-9145-ab0bd66ed95a,debba96f-4b4b-4195-96c8-656473d35ee0,2024-10-06,75
dd3c12cf-2b76-46ca-aeb8-c771705ee5f9,921aa0ab-43cd-464f-b830-3e245e1db9bb,2024-07-20,66
dd09d6d5-8d02-4863-b3a5-9a86b72c20a4,18a89cc8-1e4a-451d-a10d-11cff4002155,2024-08-27,25
c7d23781-4043-4898-a0ce-a904f49e2eb1,3f72fbb0-1d46-4847-b4b0-dd9d4003b605,2024-11-15,51
afd424c5-2948-4af1-b6e4-27661c2cc341,df812a39-2dbe-40ba-bf84-91b061dc6a5f,2024-08-10,44
e287abf5-397d-48b4-a005-98d00dc81e79,18a89cc8-1e4a-451d-a10d-11cff4002155,2024-04-09,105
dd09d6d5-8d02-4863-b3a5-9a86b72c20a4,df812a39-2dbe-40ba-bf84-91b061dc6a5f,2024-10-06,23
cf923401-a395-4475-a8d7-32cec74cafe2,9826725b-33c4-4605-b129-9cd175cdd594,2024-04-07,29
7a9f4b71-dbe6-4d99-8ef9-58a52cf197b1,91604482-9082-49eb-9836-609eb40a66a8,2024-06-27,67
c7d23781-4043-4898-a0ce-a904f49e2eb1,9fd676c6-d8cc-4dd8-84c8-ad95c978fba0,2024-08-12,77
b8e320a1-dee5-4b37-bbba-2b29526645cc,bf9d461a-7808-4293-995b-6543f43be95b,2024-09-23,79
dd3c12cf-2b76-46ca-aeb8-c771705ee5f9,cd5bce0a-ffa9-4424-87e4-00c3257a5131,2024-07-03,104
d8c04c02-bbe5-489f-b7bf-c2b1ddacca50,2078dab5-cf32-4026-8ccd-b0ab7221f781,2024-05-24,44
8473716e-d062-425b-9711-871d72c626c8,2078dab5-cf32-4026-8ccd-b0ab7221f781,2024-05-14,31
afd424c5-2948-4af1-b6e4-27661c2cc341,81b8a873-e811-4db2-9d78-e7f40bd6804b,2024-06-11,77
c2029c11-fe14-4f46-9a8f-f552f0a36421,e15fb567-29ff-48db-ae03-13cec8b73d0f,2024-10-11,96
a8a564b6-96bd-47ae-a91b-772a18ac5c69,c266d26a-34fd-4621-acf9-a38df18ecb90,2024-12-28,29
b8e320a1-dee5-4b37-bbba-2b29526645cc,921aa0ab-43cd-464f-b830-3e245e1db9bb,2025-01-08,98
22a3074e-4e94-4c3d-8603-6939d9698425,18a89cc8-1e4a-451d-a10d-11cff4002155,2024-10-23,47
f54307b1-0d39-47a1-9356-c79bfea26c4a,2078dab5-cf32-4026-8ccd-b0ab7221f781,2024-09-21,68
b8e320a1-dee5-4b37-bbba-2b29526645cc,661b3552-91a4-4dea-ba75-e95cba796d29,2024-12-30,56
e287abf5-397d-48b4-a005-98d00dc81e79,df812a39-2dbe-40ba-bf84-91b061dc6a5f,2024-07-07,86
e287abf5-397d-48b4-a005-98d00dc81e79,dec3917e-e585-458f-b0c2-a9c3c1a69470,2025-01-15,21
a9675097-ca1c-49e7-8241-47c1c37c81b6,3ea51017-e1c2-42fe-beb3-8d67b6daccbf,2024-03-22,39
a8a564b6-96bd-47ae-a91b-772a18ac5c69,3d69f6bf-32b9-4532-a1ca-29f0dd55167f,2024-11-29,82
a9675097-ca1c-49e7-8241-47c1c37c81b6,c266d26a-34fd-4621-acf9-a38df18ecb90,2025-02-20,104
864c456c-2efc-429a-9e58-7c849a471036,9826725b-33c4-4605-b129-9cd175cdd594,2024-07-25,15
e0313733-e789-4edd-be4f-16f9bec1d5e5,9826725b-33c4-4605-b129-9cd175cdd594,2024-10-15,60
7a65db9a-42e5-468c-b210-a5263526ca5d,ce9c34f1-46a7-48ac-9776-9307e4f3f266,2024-12-05,28
e147fec4-d6d6-4fba-93ed-fd277011f1e7,cd5bce0a-ffa9-4424-87e4-00c3257a5131,2024-11-22,94
ce4cfcab-3fe6-45bf-a645-e2168a711c27,b10a6784-2b82-4322-bd82-8aecaead8f2f,2025-02-14,16
9be89a7f-8d85-4fe6-bd7d-b6e23c4dd8a6,661b3552-91a4-4dea-ba75-e95cba796d29,2024-08-26,53
7a65db9a-42e5-468c-b210-a5263526ca5d,3f72fbb0-1d46-4847-b4b0-dd9d4003b605,2025-01-30,76
a8a564b6-96bd-47ae-a91b-772a18ac5c69,df812a39-2dbe-40ba-bf84-91b061dc6a5f,2024-12-21,94
e0313733-e789-4edd-be4f-16f9bec1d5e5,6906693f-6202-4303-aa1a-e9e2fd06e2e7,2024-06-19,72
dd0d8fbb-93db-4f5b-8930-63fd6ccc4cc5,6906693f-6202-4303-aa1a-e9e2fd06e2e7,2024-06-06,25
ee056d65-f29e-470d-b739-5090e7d34642,44ce6c58-1498-4557-8366-a92e3b43af0f,2024-03-15,31
864c456c-2efc-429a-9e58-7c849a471036,81b8a873-e811-4db2-9d78-e7f40bd6804b,2024-06-10,92
8473716e-d062-425b-9711-871d72c626c8,661b3552-91a4-4dea-ba75-e95cba796d29,2024-04-24,71
e0313733-e789-4edd-be4f-16f9bec1d5e5,cd5bce0a-ffa9-4424-87e4-00c3257a5131,2024-08-27,105
1bcb5e38-9cdf-478b-9145-ab0bd66ed95a,debba96f-4b4b-4195-96c8-656473d35ee0,2024-10-16,56
afd424c5-2948-4af1-b6e4-27661c2cc341,b10a6784-2b82-4322-bd82-8aecaead8f2f,2024-09-06,79
000f6c50-f9f2-430e-9c4b-5faa4ef1eff4,5982dedd-5759-4538-b7b0-2cce6b29c6fb,2024-09-23,72
04adc730-586d-42f7-a9b2-a15883291595,b10a6784-2b82-4322-bd82-8aecaead8f2f,2025-02-26,16
cf923401-a395-4475-a8d7-32cec74cafe2,a3796553-8c2d-4e05-8531-df918efe5e38,2024-08-15,80
e147fec4-d6d6-4fba-93ed-fd277011f1e7,ce9c34f1-46a7-48ac-9776-9307e4f3f266,2024-12-11,89
cf923401-a395-4475-a8d7-32cec74cafe2,921aa0ab-43cd-464f-b830-3e245e1db9bb,2024-08-15,34
a9675097-ca1c-49e7-8241-47c1c37c81b6,b2c860dc-4003-49af-b5b0-ae710ce8f750,2025-01-02,104
000f6c50-f9f2-430e-9c4b-5faa4ef1eff4,2a23efd8-cf6c-40cb-bb72-1143b9b5b528,2024-05-13,94
9be89a7f-8d85-4fe6-bd7d-b6e23c4dd8a6,921aa0ab-43cd-464f-b830-3e245e1db9bb,2024-09-27,82
e0313733-e789-4edd-be4f-16f9bec1d5e5,3d69f6bf-32b9-4532-a1ca-29f0dd55167f,2024-12-27,39
f54307b1-0d39-47a1-9356-c79bfea26c4a,9f823266-5a03-40a9-b1cf-483a9167468c,2024-06-30,65
c9e337d2-7666-4164-aff1-bcddd847676f,921aa0ab-43cd-464f-b830-3e245e1db9bb,2025-02-19,45
f5d27c14-eeab-4e38-b9f9-d2014c13e668,cd5bce0a-ffa9-4424-87e4-00c3257a5131,2024-05-30,57
04adc730-586d-42f7-a9b2-a15883291595,661b3552-91a4-4dea-ba75-e95cba796d29,2024-04-02,71
c7d23781-4043-4898-a0ce-a904f49e2eb1,3f72fbb0-1d46-4847-b4b0-dd9d4003b605,2025-02-02,76
7a9f4b71-dbe6-4d99-8ef9-58a52cf197b1,c266d26a-34fd-4621-acf9-a38df18ecb90,2024-06-14,87
f5d27c14-eeab-4e38-b9f9-d2014c13e668,3f72fbb0-1d46-4847-b4b0-dd9d4003b605,2024-09-21,95
7a9f4b71-dbe6-4d99-8ef9-58a52cf197b1,b10a6784-2b82-4322-bd82-8aecaead8f2f,2024-05-17,16
55708de2-653a-4c0a-b610-d27cd6811eaa,a11de8d5-6619-4122-8a5d-e8475021c1c1,2024-04-04,92
f54307b1-0d39-47a1-9356-c79bfea26c4a,e4840df4-b8e5-4df1-9e7d-19b66f26b35b,2025-02-07,48
ee056d65-f29e-470d-b739-5090e7d34642,661b3552-91a4-4dea-ba75-e95cba796d29,2024-11-26,74
a9675097-ca1c-49e7-8241-47c1c37c81b6,c3f791d4-c444-4d82-8fdd-8a775a6777f3,2024-03-04,34
8473716e-d062-425b-9711-871d72c626c8,004442b9-ff1e-4cfd-a3a8-a7df7726a1be,2024-12-22,72
dd09d6d5-8d02-4863-b3a5-9a86b72c20a4,18a89cc8-1e4a-451d-a10d-11cff4002155,2025-01-04,50
55708de2-653a-4c0a-b610-d27cd6811eaa,3d69f6bf-32b9-4532-a1ca-29f0dd55167f,2024-09-15,78
e147fec4-d6d6-4fba-93ed-fd277011f1e7,c0f376fa-17da-4ddf-932f-4773fbfd1445,2024-10-25,42
22a3074e-4e94-4c3d-8603-6939d9698425,07631f77-189f-45d8-b3b1-eab9912a2ee0,2024-12-19,37
e287abf5-397d-48b4-a005-98d00dc81e79,0ff180f7-20f7-4b8d-a203-e8f04b92c5ea,2024-10-20,55
dd3c12cf-2b76-46ca-aeb8-c771705ee5f9,3f72fbb0-1d46-4847-b4b0-dd9d4003b605,2024-05-22,34
c2029c11-fe14-4f46-9a8f-f552f0a36421,2a23efd8-cf6c-40cb-bb72-1143b9b5b528,2024-11-06,84
f5d27c14-eeab-4e38-b9f9-d2014c13e668,2078dab5-cf32-4026-8ccd-b0ab7221f781,2024-12-19,85
e287abf5-397d-48b4-a005-98d00dc81e79,6906693f-6202-4303-aa1a-e9e2fd06e2e7,2024-09-08,104
9be89a7f-8d85-4fe6-bd7d-b6e23c4dd8a6,004442b9-ff1e-4cfd-a3a8-a7df7726a1be,2024-09-14,82
cf923401-a395-4475-a8d7-32cec74cafe2,81b8a873-e811-4db2-9d78-e7f40bd6804b,2024-06-30,31
ee056d65-f29e-470d-b739-5090e7d34642,e4840df4-b8e5-4df1-9e7d-19b66f26b35b,2024-09-21,17
864c456c-2efc-429a-9e58-7c849a471036,6cbc20e0-1d58-47c3-b2f1-488b7a8811fe,2024-07-20,35
dd09d6d5-8d02-4863-b3a5-9a86b72c20a4,bf9d461a-7808-4293-995b-6543f43be95b,2024-08-29,39
04adc730-586d-42f7-a9b2-a15883291595,661b3552-91a4-4dea-ba75-e95cba796d29,2024-07-19,28
dd0d8fbb-93db-4f5b-8930-63fd6ccc4cc5,c266d26a-34fd-4621-acf9-a38df18ecb90,2024-09-02,70
dd0d8fbb-93db-4f5b-8930-63fd6ccc4cc5,07631f77-189f-45d8-b3b1-eab9912a2ee0,2024-08-06,31
e147fec4-d6d6-4fba-93ed-fd277011f1e7,e4840df4-b8e5-4df1-9e7d-19b66f26b35b,2024-10-03,42
7a9f4b71-dbe6-4d99-8ef9-58a52cf197b1,cd5bce0a-ffa9-4424-87e4-00c3257a5131,2024-03-20,92
ee056d65-f29e-470d-b739-5090e7d34642,6cbc20e0-1d58-47c3-b2f1-488b7a8811fe,2024-09-03,48
d8c04c02-bbe5-489f-b7bf-c2b1ddacca50,3d69f6bf-32b9-4532-a1ca-29f0dd55167f,2024-07-13,50
ce4cfcab-3fe6-45bf-a645-e2168a711c27,bf9d461a-7808-4293-995b-6543f43be95b,2025-01-21,19
7a9f4b71-dbe6-4d99-8ef9-58a52cf197b1,c0f376fa-17da-4ddf-932f-4773fbfd1445,2024-11-14,104
dd0d8fbb-93db-4f5b-8930-63fd6ccc4cc5,78047c59-fef7-4a91-b3fd-8866184cf5ba,2024-11-27,99
dd3c12cf-2b76-46ca-aeb8-c771705ee5f9,44ce6c58-1498-4557-8366-a92e3b43af0f,2024-08-12,42
7a65db9a-42e5-468c-b210-a5263526ca5d,df812a39-2dbe-40ba-bf84-91b061dc6a5f,2025-01-08,26
b8e320a1-dee5-4b37-bbba-2b29526645cc,c3f791d4-c444-4d82-8fdd-8a775a6777f3,2024-10-12,75
55708de2-653a-4c0a-b610-d27cd6811eaa,81b8a873-e811-4db2-9d78-e7f40bd6804b,2025-01-24,71
8473716e-d062-425b-9711-871d72c626c8,78047c59-fef7-4a91-b3fd-8866184cf5ba,2025-02-10,102
e147fec4-d6d6-4fba-93ed-fd277011f1e7,9f823266-5a03-40a9-b1cf-483a9167468c,2024-07-28,41
d8c04c02-bbe5-489f-b7bf-c2b1ddacca50,b10a6784-2b82-4322-bd82-8aecaead8f2f,2024-10-05,33
a8a564b6-96bd-47ae-a91b-772a18ac5c69,6906693f-6202-4303-aa1a-e9e2fd06e2e7,2024-10-13,74
7a9f4b71-dbe6-4d99-8ef9-58a52cf197b1,5982dedd-5759-4538-b7b0-2cce6b29c6fb,2024-12-26,86
c2029c11-fe14-4f46-9a8f-f552f0a36421,debba96f-4b4b-4195-96c8-656473d35ee0,2024-08-06,41
000f6c50-f9f2-430e-9c4b-5faa4ef1eff4,debba96f-4b4b-4195-96c8-656473d35ee0,2024-09-13,88
7a9f4b71-dbe6-4d99-8ef9-58a52cf197b1,004442b9-ff1e-4cfd-a3a8-a7df7726a1be,2025-02-27,30
a9675097-ca1c-49e7-8241-47c1c37c81b6,9826725b-33c4-4605-b129-9cd175cdd594,2024-06-23,80
22a3074e-4e94-4c3d-8603-6939d9698425,9826725b-33c4-4605-b129-9cd175cdd594,2025-02-13,79
1bcb5e38-9cdf-478b-9145-ab0bd66ed95a,3f72fbb0-1d46-4847-b4b0-dd9d4003b605,2024-03-07,66
c7d23781-4043-4898-a0ce-a904f49e2eb1,44ce6c58-1498-4557-8366-a92e3b43af0f,2024-04-21,84
a8a564b6-96bd-47ae-a91b-772a18ac5c69,debba96f-4b4b-4195-96c8-656473d35ee0,2025-02-12,104
7a9f4b71-dbe6-4d99-8ef9-58a52cf197b1,3d69f6bf-32b9-4532-a1ca-29f0dd55167f,2024-09-23,55
c7d23781-4043-4898-a0ce-a904f49e2eb1,e4840df4-b8e5-4df1-9e7d-19b66f26b35b,2024-07-28,53
ee056d65-f29e-470d-b739-5090e7d34642,3d69f6bf-32b9-4532-a1ca-29f0dd55167f,2024-04-02,80
c7d23781-4043-4898-a0ce-a904f49e2eb1,9826725b-33c4-4605-b129-9cd175cdd594,2024-05-02,19
a9675097-ca1c-49e7-8241-47c1c37c81b6,91604482-9082-49eb-9836-609eb40a66a8,2024-11-03,77
cf923401-a395-4475-a8d7-32cec74cafe2,debba96f-4b4b-4195-96c8-656473d35ee0,2024-11-27,25
ee056d65-f29e-470d-b739-5090e7d34642,6cbc20e0-1d58-47c3-b2f1-488b7a8811fe,2024-10-12,103
dd0d8fbb-93db-4f5b-8930-63fd6ccc4cc5,df812a39-2dbe-40ba-bf84-91b061dc6a5f,2024-05-19,26
d8c04c02-bbe5-489f-b7bf-c2b1ddacca50,78047c59-fef7-4a91-b3fd-8866184cf5ba,2025-01-11,43
f54307b1-0d39-47a1-9356-c79bfea26c4a,2a23efd8-cf6c-40cb-bb72-1143b9b5b528,2024-12-20,83
d8c04c02-bbe5-489f-b7bf-c2b1ddacca50,df812a39-2dbe-40ba-bf84-91b061dc6a5f,2024-04-28,53
ee056d65-f29e-470d-b739-5090e7d34642,cd5bce0a-ffa9-4424-87e4-00c3257a5131,2024-07-06,71
f54307b1-0d39-47a1-9356-c79bfea26c4a,18a89cc8-1e4a-451d-a10d-11cff4002155,2024-06-07,16
d8c04c02-bbe5-489f-b7bf-c2b1ddacca50,c0f376fa-17da-4ddf-932f-4773fbfd1445,2024-07-17,21
b8e320a1-dee5-4b37-bbba-2b29526645cc,3f72fbb0-1d46-4847-b4b0-dd9d4003b605,2024-11-07,101
dd3c12cf-2b76-46ca-aeb8-c771705ee5f9,921aa0ab-43cd-464f-b830-3e245e1db9bb,2024-06-27,63
ee056d65-f29e-470d-b739-5090e7d34642,91604482-9082-49eb-9836-609eb40a66a8,2024-09-14,37
f5d27c14-eeab-4e38-b9f9-d2014c13e668,6cbc20e0-1d58-47c3-b2f1-488b7a8811fe,2025-02-23,92
7a9f4b71-dbe6-4d99-8ef9-58a52cf197b1,78047c59-fef7-4a91-b3fd-8866184cf5ba,2024-09-22,25
d8c04c02-bbe5-489f-b7bf-c2b1ddacca50,bf9d461a-7808-4293-995b-6543f43be95b,2024-12-03,37
c7d23781-4043-4898-a0ce-a904f49e2eb1,44ce6c58-1498-4557-8366-a92e3b43af0f,2024-05-26,93
afd424c5-2948-4af1-b6e4-27661c2cc341,bf9d461a-7808-4293-995b-6543f43be95b,2025-02-09,69
c7d23781-4043-4898-a0ce-a904f49e2eb1,0ff180f7-20f7-4b8d-a203-e8f04b92c5ea,2024-03-19,92
afd424c5-2948-4af1-b6e4-27661c2cc341,dec3917e-e585-458f-b0c2-a9c3c1a69470,2025-01-05,83
000f6c50-f9f2-430e-9c4b-5faa4ef1eff4,dec3917e-e585-458f-b0c2-a9c3c1a69470,2024-06-30,60
c2029c11-fe14-4f46-9a8f-f552f0a36421,07631f77-189f-45d8-b3b1-eab9912a2ee0,2024-04-16,43
a9675097-ca1c-49e7-8241-47c1c37c81b6,2078dab5-cf32-4026-8ccd-b0ab7221f781,2024-10-21,48
f5d27c14-eeab-4e38-b9f9-d2014c13e668,a11de8d5-6619-4122-8a5d-e8475021c1c1,2024-05-28,34
c9e337d2-7666-4164-aff1-bcddd847676f,b10a6784-2b82-4322-bd82-8aecaead8f2f,2024-06-26,51
c9e337d2-7666-4164-aff1-bcddd847676f,e4840df4-b8e5-4df1-9e7d-19b66f26b35b,2024-05-23,15
e0313733-e789-4edd-be4f-16f9bec1d5e5,ce9c34f1-46a7-48ac-9776-9307e4f3f266,2024-04-16,71
04adc730-586d-42f7-a9b2-a15883291595,a3796553-8c2d-4e05-8531-df918efe5e38,2024-04-27,71
7a65db9a-42e5-468c-b210-a5263526ca5d,0ff180f7-20f7-4b8d-a203-e8f04b92c5ea,2024-05-31,18
e0313733-e789-4edd-be4f-16f9bec1d5e5,07631f77-189f-45d8-b3b1-eab9912a2ee0,2024-12-29,69
f9707bf6-bc5f-4aa4-a274-85e9f74aa2f6,b10a6784-2b82-4322-bd82-8aecaead8f2f,2024-03-05,44
22a3074e-4e94-4c3d-8603-6939d9698425,2078dab5-cf32-4026-8ccd-b0ab7221f781,2024-05-03,81
ee056d65-f29e-470d-b739-5090e7d34642,9f823266-5a03-40a9-b1cf-483a9167468c,2024-10-25,37
c2029c11-fe14-4f46-9a8f-f552f0a36421,2a23efd8-cf6c-40cb-bb72-1143b9b5b528,2024-07-11,101
04adc730-586d-42f7-a9b2-a15883291595,e4840df4-b8e5-4df1-9e7d-19b66f26b35b,2025-01-07,64
afd424c5-2948-4af1-b6e4-27661c2cc341,3f72fbb0-1d46-4847-b4b0-dd9d4003b605,2024-04-28,15
dd0d8fbb-93db-4f5b-8930-63fd6ccc4cc5,3ea51017-e1c2-42fe-beb3-8d67b6daccbf,2024-09-12,23
dd0d8fbb-93db-4f5b-8930-63fd6ccc4cc5,921aa0ab-43cd-464f-b830-3e245e1db9bb,2024-08-27,49
c2029c11-fe14-4f46-9a8f-f552f0a36421,6906693f-6202-4303-aa1a-e9e2fd06e2e7,2024-08-25,24
a8a564b6-96bd-47ae-a91b-772a18ac5c69,78047c59-fef7-4a91-b3fd-8866184cf5ba,2024-08-22,98
8473716e-d062-425b-9711-871d72c626c8,b10a6784-2b82-4322-bd82-8aecaead8f2f,2025-02-14,57
e287abf5-397d-48b4-a005-98d00dc81e79,6906693f-6202-4303-aa1a-e9e2fd06e2e7,2024-09-13,82
cf923401-a395-4475-a8d7-32cec74cafe2,78047c59-fef7-4a91-b3fd-8866184cf5ba,2024-07-15,24
f54307b1-0d39-47a1-9356-c79bfea26c4a,9f823266-5a03-40a9-b1cf-483a9167468c,2024-04-30,100
b8e320a1-dee5-4b37-bbba-2b29526645cc,b10a6784-2b82-4322-bd82-8aecaead8f2f,2024-05-28,93
f54307b1-0d39-47a1-9356-c79bfea26c4a,b2c860dc-4003-49af-b5b0-ae710ce8f750,2024-03-31,88
d8c04c02-bbe5-489f-b7bf-c2b1ddacca50,921aa0ab-43cd-464f-b830-3e245e1db9bb,2024-04-20,69
f9707bf6-bc5f-4aa4-a274-85e9f74aa2f6,921aa0ab-43cd-464f-b830-3e245e1db9bb,2024-07-09,43
8473716e-d062-425b-9711-871d72c626c8,9826725b-33c4-4605-b129-9cd175cdd594,2024-05-30,57
e147fec4-d6d6-4fba-93ed-fd277011f1e7,78047c59-fef7-4a91-b3fd-8866184cf5ba,2024-12-12,68
c7d23781-4043-4898-a0ce-a904f49e2eb1,44ce6c58-1498-4557-8366-a92e3b43af0f,2024-03-28,84
e287abf5-397d-48b4-a005-98d00dc81e79,44ce6c58-1498-4557-8366-a92e3b43af0f,2025-02-05,41
7a9f4b71-dbe6-4d99-8ef9-58a52cf197b1,bf9d461a-7808-4293-995b-6543f43be95b,2025-02-02,29
c7d23781-4043-4898-a0ce-a904f49e2eb1,9f823266-5a03-40a9-b1cf-483a9167468c,2024-08-24,71
b8e320a1-dee5-4b37-bbba-2b29526645cc,cd5bce0a-ffa9-4424-87e4-00c3257a5131,2024-12-25,44
a9675097-ca1c-49e7-8241-47c1c37c81b6,004442b9-ff1e-4cfd-a3a8-a7df7726a1be,2025-03-01,47
e0313733-e789-4edd-be4f-16f9bec1d5e5,e4840df4-b8e5-4df1-9e7d-19b66f26b35b,2025-01-14,44
864c456c-2efc-429a-9e58-7c849a471036,a3796553-8c2d-4e05-8531-df918efe5e38,2024-10-24,16
000f6c50-f9f2-430e-9c4b-5faa4ef1eff4,e4840df4-b8e5-4df1-9e7d-19b66f26b35b,2024-10-24,61
c2029c11-fe14-4f46-9a8f-f552f0a36421,81b8a873-e811-4db2-9d78-e7f40bd6804b,2024-04-20,44
9be89a7f-8d85-4fe6-bd7d-b6e23c4dd8a6,78047c59-fef7-4a91-b3fd-8866184cf5ba,2024-12-30,62
e287abf5-397d-48b4-a005-98d00dc81e79,3ea51017-e1c2-42fe-beb3-8d67b6daccbf,2024-07-28,59
cf923401-a395-4475-a8d7-32cec74cafe2,6906693f-6202-4303-aa1a-e9e2fd06e2e7,2024-12-11,79
864c456c-2efc-429a-9e58-7c849a471036,3f72fbb0-1d46-4847-b4b0-dd9d4003b605,2025-01-18,40
c9e337d2-7666-4164-aff1-bcddd847676f,91604482-9082-49eb-9836-609eb40a66a8,2024-07-31,18
e147fec4-d6d6-4fba-93ed-fd277011f1e7,18a89cc8-1e4a-451d-a10d-11cff4002155,2024-04-30,105
a9675097-ca1c-49e7-8241-47c1c37c81b6,004442b9-ff1e-4cfd-a3a8-a7df7726a1be,2024-05-03,93
cf923401-a395-4475-a8d7-32cec74cafe2,e4840df4-b8e5-4df1-9e7d-19b66f26b35b,2024-06-11,71
ee056d65-f29e-470d-b739-5090e7d34642,e15fb567-29ff-48db-ae03-13cec8b73d0f,2025-02-22,56
a8a564b6-96bd-47ae-a91b-772a18ac5c69,bf9d461a-7808-4293-995b-6543f43be95b,2024-10-14,59
7a65db9a-42e5-468c-b210-a5263526ca5d,3d69f6bf-32b9-4532-a1ca-29f0dd55167f,2024-11-16,24
8473716e-d062-425b-9711-871d72c626c8,c266d26a-34fd-4621-acf9-a38df18ecb90,2025-02-05,60
55708de2-653a-4c0a-b610-d27cd6811eaa,81b8a873-e811-4db2-9d78-e7f40bd6804b,2024-10-11,58
e287abf5-397d-48b4-a005-98d00dc81e79,07631f77-189f-45d8-b3b1-eab9912a2ee0,2024-05-01,94
1bcb5e38-9cdf-478b-9145-ab0bd66ed95a,cd5bce0a-ffa9-4424-87e4-00c3257a5131,2024-05-08,90
ce4cfcab-3fe6-45bf-a645-e2168a711c27,004442b9-ff1e-4cfd-a3a8-a7df7726a1be,2025-02-10,51
cf923401-a395-4475-a8d7-32cec74cafe2,cd5bce0a-ffa9-4424-87e4-00c3257a5131,2024-05-17,50
7a9f4b71-dbe6-4d99-8ef9-58a52cf197b1,b10a6784-2b82-4322-bd82-8aecaead8f2f,2024-09-14,97
e287abf5-397d-48b4-a005-98d00dc81e79,bf9d461a-7808-4293-995b-6543f43be95b,2024-06-06,86
f54307b1-0d39-47a1-9356-c79bfea26c4a,cd5bce0a-ffa9-4424-87e4-00c3257a5131,2024-08-09,63
dd0d8fbb-93db-4f5b-8930-63fd6ccc4cc5,3ea51017-e1c2-42fe-beb3-8d67b6daccbf,2024-10-25,96
8473716e-d062-425b-9711-871d72c626c8,cd5bce0a-ffa9-4424-87e4-00c3257a5131,2025-01-28,22
dd09d6d5-8d02-4863-b3a5-9a86b72c20a4,c266d26a-34fd-4621-acf9-a38df18ecb90,2024-03-29,51
7a65db9a-42e5-468c-b210-a5263526ca5d,6cbc20e0-1d58-47c3-b2f1-488b7a8811fe,2024-03-07,96
cf923401-a395-4475-a8d7-32cec74cafe2,661b3552-91a4-4dea-ba75-e95cba796d29,2024-07-22,85
a8a564b6-96bd-47ae-a91b-772a18ac5c69,3d69f6bf-32b9-4532-a1ca-29f0dd55167f,2024-12-26,61
22a3074e-4e94-4c3d-8603-6939d9698425,921aa0ab-43cd-464f-b830-3e245e1db9bb,2024-05-26,54
1bcb5e38-9cdf-478b-9145-ab0bd66ed95a,3d69f6bf-32b9-4532-a1ca-29f0dd55167f,2024-03-21,43
7a9f4b71-dbe6-4d99-8ef9-58a52cf197b1,6906693f-6202-4303-aa1a-e9e2fd06e2e7,2024-06-24,36
864c456c-2efc-429a-9e58-7c849a471036,bf9d461a-7808-4293-995b-6543f43be95b,2025-02-23,38
dd09d6d5-8d02-4863-b3a5-9a86b72c20a4,cd5bce0a-ffa9-4424-87e4-00c3257a5131,2025-02-18,53
cf923401-a395-4475-a8d7-32cec74cafe2,c3f791d4-c444-4d82-8fdd-8a775a6777f3,2025-01-20,48
e0313733-e789-4edd-be4f-16f9bec1d5e5,9fd676c6-d8cc-4dd8-84c8-ad95c978fba0,2024-07-21,84
55708de2-653a-4c0a-b610-d27cd6811eaa,9fd676c6-d8cc-4dd8-84c8-ad95c978fba0,2024-08-09,43
000f6c50-f9f2-430e-9c4b-5faa4ef1eff4,3ea51017-e1c2-42fe-beb3-8d67b6daccbf,2024-05-06,99
ce4cfcab-3fe6-45bf-a645-e2168a711c27,6906693f-6202-4303-aa1a-e9e2fd06e2e7,2024-03-08,104
1bcb5e38-9cdf-478b-9145-ab0bd66ed95a,661b3552-91a4-4dea-ba75-e95cba796d29,2024-11-12,18
f54307b1-0d39-47a1-9356-c79bfea26c4a,44ce6c58-1498-4557-8366-a92e3b43af0f,2025-02-28,62
f54307b1-0d39-47a1-9356-c79bfea26c4a,9fd676c6-d8cc-4dd8-84c8-ad95c978fba0,2024-11-28,94
f5d27c14-eeab-4e38-b9f9-d2014c13e668,9826725b-33c4-4605-b129-9cd175cdd594,2024-07-03,17
f5d27c14-eeab-4e38-b9f9-d2014c13e668,dec3917e-e585-458f-b0c2-a9c3c1a69470,2024-06-20,44
dd3c12cf-2b76-46ca-aeb8-c771705ee5f9,bf9d461a-7808-4293-995b-6543f43be95b,2025-02-04,38
dd3c12cf-2b76-46ca-aeb8-c771705ee5f9,3f72fbb0-1d46-4847-b4b0-dd9d4003b605,2024-06-11,57
b8e320a1-dee5-4b37-bbba-2b29526645cc,9f823266-5a03-40a9-b1cf-483a9167468c,2024-09-30,25
1bcb5e38-9cdf-478b-9145-ab0bd66ed95a,18a89cc8-1e4a-451d-a10d-11cff4002155,2024-12-14,97
f9707bf6-bc5f-4aa4-a274-85e9f74aa2f6,c3f791d4-c444-4d82-8fdd-8a775a6777f3,2024-08-25,103
55708de2-653a-4c0a-b610-d27cd6811eaa,e15fb567-29ff-48db-ae03-13cec8b73d0f,2024-10-13,90
f54307b1-0d39-47a1-9356-c79bfea26c4a,78047c59-fef7-4a91-b3fd-8866184cf5ba,2025-02-16,96
e147fec4-d6d6-4fba-93ed-fd277011f1e7,2078dab5-cf32-4026-8ccd-b0ab7221f781,2024-05-06,98
7a65db9a-42e5-468c-b210-a5263526ca5d,9fd676c6-d8cc-4dd8-84c8-ad95c978fba0,2024-10-07,53
a9675097-ca1c-49e7-8241-47c1c37c81b6,a3796553-8c2d-4e05-8531-df918efe5e38,2024-09-03,17
55708de2-653a-4c0a-b610-d27cd6811eaa,3d69f6bf-32b9-4532-a1ca-29f0dd55167f,2024-06-17,97
dd0d8fbb-93db-4f5b-8930-63fd6ccc4cc5,cd5bce0a-ffa9-4424-87e4-00c3257a5131,2025-01-02,76
1bcb5e38-9cdf-478b-9145-ab0bd66ed95a,921aa0ab-43cd-464f-b830-3e245e1db9bb,2024-06-08,69
cf923401-a395-4475-a8d7-32cec74cafe2,a11de8d5-6619-4122-8a5d-e8475021c1c1,2024-05-09,72
b8e320a1-dee5-4b37-bbba-2b29526645cc,921aa0ab-43cd-464f-b830-3e245e1db9bb,2024-08-26,49
8473716e-d062-425b-9711-871d72c626c8,81b8a873-e811-4db2-9d78-e7f40bd6804b,2024-05-25,87
a9675097-ca1c-49e7-8241-47c1c37c81b6,c266d26a-34fd-4621-acf9-a38df18ecb90,2024-05-01,52
c7d23781-4043-4898-a0ce-a904f49e2eb1,9826725b-33c4-4605-b129-9cd175cdd594,2024-05-06,54
7a65db9a-42e5-468c-b210-a5263526ca5d,07631f77-189f-45d8-b3b1-eab9912a2ee0,2024-12-09,101
a8a564b6-96bd-47ae-a91b-772a18ac5c69,91604482-9082-49eb-9836-609eb40a66a8,2025-02-23,79
04adc730-586d-42f7-a9b2-a15883291595,c266d26a-34fd-4621-acf9-a38df18ecb90,2025-01-26,70
864c456c-2efc-429a-9e58-7c849a471036,b2c860dc-4003-49af-b5b0-ae710ce8f750,2024-11-04,94
d8c04c02-bbe5-489f-b7bf-c2b1ddacca50,bf9d461a-7808-4293-995b-6543f43be95b,2024-03-27,42
cf923401-a395-4475-a8d7-32cec74cafe2,921aa0ab-43cd-464f-b830-3e245e1db9bb,2024-10-30,49
a9675097-ca1c-49e7-8241-47c1c37c81b6,debba96f-4b4b-4195-96c8-656473d35ee0,2024-05-08,101
e0313733-e789-4edd-be4f-16f9bec1d5e5,3ea51017-e1c2-42fe-beb3-8d67b6daccbf,2024-03-14,41
dd0d8fbb-93db-4f5b-8930-63fd6ccc4cc5,cd5bce0a-ffa9-4424-87e4-00c3257a5131,2025-01-17,93
dd09d6d5-8d02-4863-b3a5-9a86b72c20a4,b10a6784-2b82-4322-bd82-8aecaead8f2f,2025-02-22,84
55708de2-653a-4c0a-b610-d27cd6811eaa,78047c59-fef7-4a91-b3fd-8866184cf5ba,2024-10-14,21
c7d23781-4043-4898-a0ce-a904f49e2eb1,18a89cc8-1e4a-451d-a10d-11cff4002155,2024-09-29,55
55708de2-653a-4c0a-b610-d27cd6811eaa,9826725b-33c4-4605-b129-9cd175cdd594,2024-05-20,31
864c456c-2efc-429a-9e58-7c849a471036,18a89cc8-1e4a-451d-a10d-11cff4002155,2024-05-04,17
afd424c5-2948-4af1-b6e4-27661c2cc341,c0f376fa-17da-4ddf-932f-4773fbfd1445,2024-10-12,76
e0313733-e789-4edd-be4f-16f9bec1d5e5,debba96f-4b4b-4195-96c8-656473d35ee0,2024-12-19,20
1bcb5e38-9cdf-478b-9145-ab0bd66ed95a,df812a39-2dbe-40ba-bf84-91b061dc6a5f,2024-05-24,16
dd09d6d5-8d02-4863-b3a5-9a86b72c20a4,91604482-9082-49eb-9836-609eb40a66a8,2024-12-20,48
a8a564b6-96bd-47ae-a91b-772a18ac5c69,921aa0ab-43cd-464f-b830-3e245e1db9bb,2025-01-23,74
04adc730-586d-42f7-a9b2-a15883291595,df812a39-2dbe-40ba-bf84-91b061dc6a5f,2024-05-17,90
ee056d65-f29e-470d-b739-5090e7d34642,6cbc20e0-1d58-47c3-b2f1-488b7a8811fe,2024-11-03,34
7a65db9a-42e5-468c-b210-a5263526ca5d,9826725b-33c4-4605-b129-9cd175cdd594,2024-06-11,50
1bcb5e38-9cdf-478b-9145-ab0bd66ed95a,6906693f-6202-4303-aa1a-e9e2fd06e2e7,2024-05-27,94
c7d23781-4043-4898-a0ce-a904f49e2eb1,c266d26a-34fd-4621-acf9-a38df18ecb90,2024-05-15,37
dd09d6d5-8d02-4863-b3a5-9a86b72c20a4,78047c59-fef7-4a91-b3fd-8866184cf5ba,2024-12-20,21
8473716e-d062-425b-9711-871d72c626c8,18a89cc8-1e4a-451d-a10d-11cff4002155,2024-06-08,48
ce4cfcab-3fe6-45bf-a645-e2168a711c27,07631f77-189f-45d8-b3b1-eab9912a2ee0,2024-04-30,79
22a3074e-4e94-4c3d-8603-6939d9698425,debba96f-4b4b-4195-96c8-656473d35ee0,2024-05-16,30
c2029c11-fe14-4f46-9a8f-f552f0a36421,921aa0ab-43cd-464f-b830-3e245e1db9bb,2024-10-25,74
dd0d8fbb-93db-4f5b-8930-63fd6ccc4cc5,6cbc20e0-1d58-47c3-b2f1-488b7a8811fe,2024-04-18,70
7a9f4b71-dbe6-4d99-8ef9-58a52cf197b1,9f823266-5a03-40a9-b1cf-483a9167468c,2025-01-08,37
000f6c50-f9f2-430e-9c4b-5faa4ef1eff4,b10a6784-2b82-4322-bd82-8aecaead8f2f,2025-01-21,37
ce4cfcab-3fe6-45bf-a645-e2168a711c27,0ff180f7-20f7-4b8d-a203-e8f04b92c5ea,2024-05-11,100
dd3c12cf-2b76-46ca-aeb8-c771705ee5f9,3f72fbb0-1d46-4847-b4b0-dd9d4003b605,2024-11-05,25
a8a564b6-96bd-47ae-a91b-772a18ac5c69,6906693f-6202-4303-aa1a-e9e2fd06e2e7,2024-12-26,46
7a9f4b71-dbe6-4d99-8ef9-58a52cf197b1,91604482-9082-49eb-9836-609eb40a66a8,2025-02-21,20
22a3074e-4e94-4c3d-8603-6939d9698425,9f823266-5a03-40a9-b1cf-483a9167468c,2024-12-17,100
7a65db9a-42e5-468c-b210-a5263526ca5d,a3796553-8c2d-4e05-8531-df918efe5e38,2024-08-01,73
f9707bf6-bc5f-4aa4-a274-85e9f74aa2f6,3f72fbb0-1d46-4847-b4b0-dd9d4003b605,2024-07-07,29
e0313733-e789-4edd-be4f-16f9bec1d5e5,004442b9-ff1e-4cfd-a3a8-a7df7726a1be,2024-03-05,82
ce4cfcab-3fe6-45bf-a645-e2168a711c27,3d69f6bf-32b9-4532-a1ca-29f0dd55167f,2024-08-24,81
dd0d8fbb-93db-4f5b-8930-63fd6ccc4cc5,6906693f-6202-4303-aa1a-e9e2fd06e2e7,2024-06-11,63
c2029c11-fe14-4f46-9a8f-f552f0a36421,07631f77-189f-45d8-b3b1-eab9912a2ee0,2025-02-16,17
000f6c50-f9f2-430e-9c4b-5faa4ef1eff4,debba96f-4b4b-4195-96c8-656473d35ee0,2024-09-15,18
c9e337d2-7666-4164-aff1-bcddd847676f,07631f77-189f-45d8-b3b1-eab9912a2ee0,2024-04-26,40
afd424c5-2948-4af1-b6e4-27661c2cc341,df812a39-2dbe-40ba-bf84-91b061dc6a5f,2024-06-22,44
ce4cfcab-3fe6-45bf-a645-e2168a711c27,78047c59-fef7-4a91-b3fd-8866184cf5ba,2024-07-04,79
55708de2-653a-4c0a-b610-d27cd6811eaa,b2c860dc-4003-49af-b5b0-ae710ce8f750,2024-08-01,17
f54307b1-0d39-47a1-9356-c79bfea26c4a,0ff180f7-20f7-4b8d-a203-e8f04b92c5ea,2024-05-11,50
f9707bf6-bc5f-4aa4-a274-85e9f74aa2f6,004442b9-ff1e-4cfd-a3a8-a7df7726a1be,2025-01-14,70
c7d23781-4043-4898-a0ce-a904f49e2eb1,2078dab5-cf32-4026-8ccd-b0ab7221f781,2024-12-22,60
ce4cfcab-3fe6-45bf-a645-e2168a711c27,0ff180f7-20f7-4b8d-a203-e8f04b92c5ea,2024-08-16,24
7a9f4b71-dbe6-4d99-8ef9-58a52cf197b1,debba96f-4b4b-4195-96c8-656473d35ee0,2025-02-22,105
dd0d8fbb-93db-4f5b-8930-63fd6ccc4cc5,3f72fbb0-1d46-4847-b4b0-dd9d4003b605,2025-02-06,97
9be89a7f-8d85-4fe6-bd7d-b6e23c4dd8a6,07631f77-189f-45d8-b3b1-eab9912a2ee0,2024-10-08,96
e287abf5-397d-48b4-a005-98d00dc81e79,b2c860dc-4003-49af-b5b0-ae710ce8f750,2024-08-18,44
e0313733-e789-4edd-be4f-16f9bec1d5e5,18a89cc8-1e4a-451d-a10d-11cff4002155,2024-04-25,34
22a3074e-4e94-4c3d-8603-6939d9698425,e15fb567-29ff-48db-ae03-13cec8b73d0f,2024-07-28,25
04adc730-586d-42f7-a9b2-a15883291595,debba96f-4b4b-4195-96c8-656473d35ee0,2024-10-11,42
dd3c12cf-2b76-46ca-aeb8-c771705ee5f9,ce9c34f1-46a7-48ac-9776-9307e4f3f266,2025-02-21,37
c7d23781-4043-4898-a0ce-a904f49e2eb1,6cbc20e0-1d58-47c3-b2f1-488b7a8811fe,2024-08-23,33
c2029c11-fe14-4f46-9a8f-f552f0a36421,07631f77-189f-45d8-b3b1-eab9912a2ee0,2025-02-08,75
864c456c-2efc-429a-9e58-7c849a471036,9fd676c6-d8cc-4dd8-84c8-ad95c978fba0,2024-12-28,65
dd0d8fbb-93db-4f5b-8930-63fd6ccc4cc5,a11de8d5-6619-4122-8a5d-e8475021c1c1,2024-03-22,18
b8e320a1-dee5-4b37-bbba-2b29526645cc,6906693f-6202-4303-aa1a-e9e2fd06e2e7,2024-10-18,18
c7d23781-4043-4898-a0ce-a904f49e2eb1,6cbc20e0-1d58-47c3-b2f1-488b7a8811fe,2024-07-03,38
dd0d8fbb-93db-4f5b-8930-63fd6ccc4cc5,0ff180f7-20f7-4b8d-a203-e8f04b92c5ea,2024-10-24,52
9be89a7f-8d85-4fe6-bd7d-b6e23c4dd8a6,2078dab5-cf32-4026-8ccd-b0ab7221f781,2025-01-26,80
864c456c-2efc-429a-9e58-7c849a471036,a11de8d5-6619-4122-8a5d-e8475021c1c1,2024-04-05,35
e287abf5-397d-48b4-a005-98d00dc81e79,0ff180f7-20f7-4b8d-a203-e8f04b92c5ea,2024-08-20,30
f9707bf6-bc5f-4aa4-a274-85e9f74aa2f6,cd5bce0a-ffa9-4424-87e4-00c3257a5131,2024-12-09,55
7a65db9a-42e5-468c-b210-a5263526ca5d,5982dedd-5759-4538-b7b0-2cce6b29c6fb,2025-02-16,74
000f6c50-f9f2-430e-9c4b-5faa4ef1eff4,a3796553-8c2d-4e05-8531-df918efe5e38,2024-12-10,84
dd3c12cf-2b76-46ca-aeb8-c771705ee5f9,3d69f6bf-32b9-4532-a1ca-29f0dd55167f,2025-02-13,48
b8e320a1-dee5-4b37-bbba-2b29526645cc,5982dedd-5759-4538-b7b0-2cce6b29c6fb,2025-02-27,49
dd3c12cf-2b76-46ca-aeb8-c771705ee5f9,921aa0ab-43cd-464f-b830-3e245e1db9bb,2024-06-18,19
000f6c50-f9f2-430e-9c4b-5faa4ef1eff4,81b8a873-e811-4db2-9d78-e7f40bd6804b,2024-09-09,105
7a65db9a-42e5-468c-b210-a5263526ca5d,9fd676c6-d8cc-4dd8-84c8-ad95c978fba0,2025-01-25,71
1bcb5e38-9cdf-478b-9145-ab0bd66ed95a,44ce6c58-1498-4557-8366-a92e3b43af0f,2024-08-04,102
f54307b1-0d39-47a1-9356-c79bfea26c4a,6cbc20e0-1d58-47c3-b2f1-488b7a8811fe,2024-08-02,72
c9e337d2-7666-4164-aff1-bcddd847676f,df812a39-2dbe-40ba-bf84-91b061dc6a5f,2024-08-22,87
e147fec4-d6d6-4fba-93ed-fd277011f1e7,9826725b-33c4-4605-b129-9cd175cdd594,2024-10-07,69
8473716e-d062-425b-9711-871d72c626c8,07631f77-189f-45d8-b3b1-eab9912a2ee0,2024-10-18,66
cf923401-a395-4475-a8d7-32cec74cafe2,78047c59-fef7-4a91-b3fd-8866184cf5ba,2025-01-30,80
7a65db9a-42e5-468c-b210-a5263526ca5d,b2c860dc-4003-49af-b5b0-ae710ce8f750,2024-12-31,44
a8a564b6-96bd-47ae-a91b-772a18ac5c69,9826725b-33c4-4605-b129-9cd175cdd594,2024-10-31,48
04adc730-586d-42f7-a9b2-a15883291595,661b3552-91a4-4dea-ba75-e95cba796d29,2024-12-10,85
ce4cfcab-3fe6-45bf-a645-e2168a711c27,2a23efd8-cf6c-40cb-bb72-1143b9b5b528,2024-11-30,95
7a65db9a-42e5-468c-b210-a5263526ca5d,07631f77-189f-45d8-b3b1-eab9912a2ee0,2024-06-30,24
